--
-- PostgreSQL database dump
--

-- Dumped from database version 9.5.13
-- Dumped by pg_dump version 9.5.13

SET statement_timeout = 0;
SET lock_timeout = 0;
SET client_encoding = 'UTF8';
SET standard_conforming_strings = on;
SELECT pg_catalog.set_config('search_path', '', false);
SET check_function_bodies = false;
SET client_min_messages = warning;
SET row_security = off;

DROP DATABASE IF EXISTS empresa;
--
-- Name: empresa; Type: DATABASE; Schema: -; Owner: -
--

CREATE DATABASE empresa WITH TEMPLATE = template0 ENCODING = 'UTF8' LC_COLLATE = 'en_US.UTF-8' LC_CTYPE = 'en_US.UTF-8';


\connect empresa

SET statement_timeout = 0;
SET lock_timeout = 0;
SET client_encoding = 'UTF8';
SET standard_conforming_strings = on;
SELECT pg_catalog.set_config('search_path', '', false);
SET check_function_bodies = false;
SET client_min_messages = warning;
SET row_security = off;

--
-- Name: plpgsql; Type: EXTENSION; Schema: -; Owner: -
--

CREATE EXTENSION IF NOT EXISTS plpgsql WITH SCHEMA pg_catalog;


--
-- Name: EXTENSION plpgsql; Type: COMMENT; Schema: -; Owner: -
--

COMMENT ON EXTENSION plpgsql IS 'PL/pgSQL procedural language';


SET default_tablespace = '';

SET default_with_oids = false;

--
-- Name: cidade; Type: TABLE; Schema: public; Owner: -
--

CREATE TABLE public.cidade (
    id_cidade integer NOT NULL,
    den_cidade character varying(100) NOT NULL,
    uf character(2) NOT NULL
);


--
-- Name: cidade_id_cidade_seq; Type: SEQUENCE; Schema: public; Owner: -
--

CREATE SEQUENCE public.cidade_id_cidade_seq
    START WITH 1
    INCREMENT BY 1
    NO MINVALUE
    NO MAXVALUE
    CACHE 1;


--
-- Name: cidade_id_cidade_seq; Type: SEQUENCE OWNED BY; Schema: public; Owner: -
--

ALTER SEQUENCE public.cidade_id_cidade_seq OWNED BY public.cidade.id_cidade;


--
-- Name: cliente; Type: TABLE; Schema: public; Owner: -
--

CREATE TABLE public.cliente (
    id_cliente bigint NOT NULL,
    den_cliente character varying(100) NOT NULL,
    telefone character varying(15),
    endereco character varying(100) NOT NULL,
    id_cidade integer NOT NULL
);


--
-- Name: cliente_id_cliente_seq; Type: SEQUENCE; Schema: public; Owner: -
--

CREATE SEQUENCE public.cliente_id_cliente_seq
    START WITH 1
    INCREMENT BY 1
    NO MINVALUE
    NO MAXVALUE
    CACHE 1;


--
-- Name: cliente_id_cliente_seq; Type: SEQUENCE OWNED BY; Schema: public; Owner: -
--

ALTER SEQUENCE public.cliente_id_cliente_seq OWNED BY public.cliente.id_cliente;


--
-- Name: compra; Type: TABLE; Schema: public; Owner: -
--

CREATE TABLE public.compra (
    id_compra bigint NOT NULL,
    data date NOT NULL,
    id_fornecedor bigint NOT NULL,
    valor_total numeric(12,2) NOT NULL
);


--
-- Name: compra_id_compra_seq; Type: SEQUENCE; Schema: public; Owner: -
--

CREATE SEQUENCE public.compra_id_compra_seq
    START WITH 1
    INCREMENT BY 1
    NO MINVALUE
    NO MAXVALUE
    CACHE 1;


--
-- Name: compra_id_compra_seq; Type: SEQUENCE OWNED BY; Schema: public; Owner: -
--

ALTER SEQUENCE public.compra_id_compra_seq OWNED BY public.compra.id_compra;


--
-- Name: compra_produto; Type: TABLE; Schema: public; Owner: -
--

CREATE TABLE public.compra_produto (
    id_produto bigint NOT NULL,
    id_compra bigint NOT NULL,
    quantidade real NOT NULL,
    valor numeric(12,2)
);


--
-- Name: conta_pagar; Type: TABLE; Schema: public; Owner: -
--

CREATE TABLE public.conta_pagar (
    id_conta_pagar bigint NOT NULL,
    id_compra bigint NOT NULL,
    id_fornecedor bigint NOT NULL,
    valor numeric(12,2) NOT NULL,
    juros numeric(12,2) NOT NULL,
    data_vencimento date NOT NULL,
    data_pagamento date,
    pago character(1) NOT NULL
);


--
-- Name: conta_pagar_id_conta_pagar_seq; Type: SEQUENCE; Schema: public; Owner: -
--

CREATE SEQUENCE public.conta_pagar_id_conta_pagar_seq
    START WITH 1
    INCREMENT BY 1
    NO MINVALUE
    NO MAXVALUE
    CACHE 1;


--
-- Name: conta_pagar_id_conta_pagar_seq; Type: SEQUENCE OWNED BY; Schema: public; Owner: -
--

ALTER SEQUENCE public.conta_pagar_id_conta_pagar_seq OWNED BY public.conta_pagar.id_conta_pagar;


--
-- Name: conta_receber; Type: TABLE; Schema: public; Owner: -
--

CREATE TABLE public.conta_receber (
    id_conta_receber bigint NOT NULL,
    id_cliente bigint NOT NULL,
    id_venda bigint NOT NULL,
    valor numeric(12,2) NOT NULL,
    juros numeric(12,2) NOT NULL,
    data_vencimento date NOT NULL,
    data_pagamento date,
    pago character(1) NOT NULL
);


--
-- Name: conta_receber_id_conta_receber_seq; Type: SEQUENCE; Schema: public; Owner: -
--

CREATE SEQUENCE public.conta_receber_id_conta_receber_seq
    START WITH 1
    INCREMENT BY 1
    NO MINVALUE
    NO MAXVALUE
    CACHE 1;


--
-- Name: conta_receber_id_conta_receber_seq; Type: SEQUENCE OWNED BY; Schema: public; Owner: -
--

ALTER SEQUENCE public.conta_receber_id_conta_receber_seq OWNED BY public.conta_receber.id_conta_receber;


--
-- Name: fornecedor; Type: TABLE; Schema: public; Owner: -
--

CREATE TABLE public.fornecedor (
    id_fornecedor bigint NOT NULL,
    den_fornecedor character varying NOT NULL,
    telefone character varying(15) NOT NULL,
    endereco character varying(100) NOT NULL,
    id_cidade integer NOT NULL
);


--
-- Name: fornecedor_id_fornecedor_seq; Type: SEQUENCE; Schema: public; Owner: -
--

CREATE SEQUENCE public.fornecedor_id_fornecedor_seq
    START WITH 1
    INCREMENT BY 1
    NO MINVALUE
    NO MAXVALUE
    CACHE 1;


--
-- Name: fornecedor_id_fornecedor_seq; Type: SEQUENCE OWNED BY; Schema: public; Owner: -
--

ALTER SEQUENCE public.fornecedor_id_fornecedor_seq OWNED BY public.fornecedor.id_fornecedor;


--
-- Name: produto; Type: TABLE; Schema: public; Owner: -
--

CREATE TABLE public.produto (
    id_produto bigint NOT NULL,
    den_produto character varying(100) NOT NULL,
    unidade character(3) NOT NULL,
    estoque real NOT NULL,
    preco_atual numeric(12,2) NOT NULL
);


--
-- Name: produto_id_produto_seq; Type: SEQUENCE; Schema: public; Owner: -
--

CREATE SEQUENCE public.produto_id_produto_seq
    START WITH 1
    INCREMENT BY 1
    NO MINVALUE
    NO MAXVALUE
    CACHE 1;


--
-- Name: produto_id_produto_seq; Type: SEQUENCE OWNED BY; Schema: public; Owner: -
--

ALTER SEQUENCE public.produto_id_produto_seq OWNED BY public.produto.id_produto;


--
-- Name: venda; Type: TABLE; Schema: public; Owner: -
--

CREATE TABLE public.venda (
    id_venda bigint NOT NULL,
    id_cliente bigint NOT NULL,
    data date NOT NULL,
    valor_total numeric(12,2) NOT NULL
);


--
-- Name: venda_id_venda_seq; Type: SEQUENCE; Schema: public; Owner: -
--

CREATE SEQUENCE public.venda_id_venda_seq
    START WITH 1
    INCREMENT BY 1
    NO MINVALUE
    NO MAXVALUE
    CACHE 1;


--
-- Name: venda_id_venda_seq; Type: SEQUENCE OWNED BY; Schema: public; Owner: -
--

ALTER SEQUENCE public.venda_id_venda_seq OWNED BY public.venda.id_venda;


--
-- Name: venda_produto; Type: TABLE; Schema: public; Owner: -
--

CREATE TABLE public.venda_produto (
    id_venda bigint NOT NULL,
    id_produto bigint NOT NULL,
    quantidade real NOT NULL,
    valor numeric(12,2) NOT NULL
);


--
-- Name: id_cidade; Type: DEFAULT; Schema: public; Owner: -
--

ALTER TABLE ONLY public.cidade ALTER COLUMN id_cidade SET DEFAULT nextval('public.cidade_id_cidade_seq'::regclass);


--
-- Name: id_cliente; Type: DEFAULT; Schema: public; Owner: -
--

ALTER TABLE ONLY public.cliente ALTER COLUMN id_cliente SET DEFAULT nextval('public.cliente_id_cliente_seq'::regclass);


--
-- Name: id_compra; Type: DEFAULT; Schema: public; Owner: -
--

ALTER TABLE ONLY public.compra ALTER COLUMN id_compra SET DEFAULT nextval('public.compra_id_compra_seq'::regclass);


--
-- Name: id_conta_pagar; Type: DEFAULT; Schema: public; Owner: -
--

ALTER TABLE ONLY public.conta_pagar ALTER COLUMN id_conta_pagar SET DEFAULT nextval('public.conta_pagar_id_conta_pagar_seq'::regclass);


--
-- Name: id_conta_receber; Type: DEFAULT; Schema: public; Owner: -
--

ALTER TABLE ONLY public.conta_receber ALTER COLUMN id_conta_receber SET DEFAULT nextval('public.conta_receber_id_conta_receber_seq'::regclass);


--
-- Name: id_fornecedor; Type: DEFAULT; Schema: public; Owner: -
--

ALTER TABLE ONLY public.fornecedor ALTER COLUMN id_fornecedor SET DEFAULT nextval('public.fornecedor_id_fornecedor_seq'::regclass);


--
-- Name: id_produto; Type: DEFAULT; Schema: public; Owner: -
--

ALTER TABLE ONLY public.produto ALTER COLUMN id_produto SET DEFAULT nextval('public.produto_id_produto_seq'::regclass);


--
-- Name: id_venda; Type: DEFAULT; Schema: public; Owner: -
--

ALTER TABLE ONLY public.venda ALTER COLUMN id_venda SET DEFAULT nextval('public.venda_id_venda_seq'::regclass);


--
-- Data for Name: cidade; Type: TABLE DATA; Schema: public; Owner: -
--

COPY public.cidade (id_cidade, den_cidade, uf) FROM stdin;
160	COARI	AM
2384	UBÁ	MG
2860	CIDADE GAÚCHA	PR
3644	PARATY	RJ
4274	SELBACH	RS
4433	ARMAZÉM	SC
4756	AVAÍ	SP
1	ACRELÂNDIA	AC
2	ASSIS BRASIL	AC
3	BRASILÉIA	AC
4	BUJARI	AC
5	CAPIXABA	AC
6	CRUZEIRO DO SUL	AC
7	EPITACIOLÂNDIA	AC
8	FEIJÓ	AC
9	JORDÃO	AC
10	MÂNCIO LIMA	AC
11	MANOEL URBANO	AC
12	MARECHAL THAUMATURGO	AC
13	PLÁCIDO DE CASTRO	AC
14	PORTO WALTER	AC
15	RIO BRANCO	AC
16	RODRIGUES ALVES	AC
17	SANTA ROSA DO PURUS	AC
18	SENADOR GUIOMARD	AC
19	SENA MADUREIRA	AC
20	TARAUACÁ	AC
21	XAPURI	AC
22	PORTO ACRE	AC
23	ÁGUA BRANCA	AL
24	ANADIA	AL
25	ARAPIRACA	AL
26	ATALAIA	AL
27	BARRA DE SANTO ANTÔNIO	AL
28	BARRA DE SÃO MIGUEL	AL
29	BATALHA	AL
30	BELÉM	AL
31	BELO MONTE	AL
32	BOCA DA MATA	AL
33	BRANQUINHA	AL
34	CACIMBINHAS	AL
35	CAJUEIRO	AL
36	CAMPESTRE	AL
37	CAMPO ALEGRE	AL
38	CAMPO GRANDE	AL
39	CANAPI	AL
40	CAPELA	AL
41	CARNEIROS	AL
42	CHÃ PRETA	AL
43	COITÉ DO NÓIA	AL
44	COLÔNIA LEOPOLDINA	AL
45	COQUEIRO SECO	AL
46	CORURIPE	AL
47	CRAÍBAS	AL
48	DELMIRO GOUVEIA	AL
49	DOIS RIACHOS	AL
50	ESTRELA DE ALAGOAS	AL
51	FEIRA GRANDE	AL
52	FELIZ DESERTO	AL
53	FLEXEIRAS	AL
54	GIRAU DO PONCIANO	AL
55	IBATEGUARA	AL
56	IGACI	AL
57	IGREJA NOVA	AL
58	INHAPI	AL
59	JACARÉ DOS HOMENS	AL
60	JACUÍPE	AL
61	JAPARATINGA	AL
62	JARAMATAIA	AL
63	JEQUIÁ DA PRAIA	AL
64	JOAQUIM GOMES	AL
65	JUNDIÁ	AL
66	JUNQUEIRO	AL
67	LAGOA DA CANOA	AL
68	LIMOEIRO DE ANADIA	AL
69	MACEIÓ	AL
70	MAJOR ISIDORO	AL
71	MARAGOGI	AL
72	MARAVILHA	AL
73	MARECHAL DEODORO	AL
74	MARIBONDO	AL
75	MAR VERMELHO	AL
76	MATA GRANDE	AL
77	MATRIZ DE CAMARAGIBE	AL
78	MESSIAS	AL
79	MINADOR DO NEGRÃO	AL
80	MONTEIRÓPOLIS	AL
81	MURICI	AL
82	NOVO LINO	AL
83	OLHO D'ÁGUA DAS FLORES	AL
84	OLHO D'ÁGUA DO CASADO	AL
85	OLHO D'ÁGUA GRANDE	AL
86	OLIVENÇA	AL
87	OURO BRANCO	AL
88	PALESTINA	AL
89	PALMEIRA DOS ÍNDIOS	AL
90	PÃO DE AÇÚCAR	AL
91	PARICONHA	AL
92	PARIPUEIRA	AL
93	PASSO DE CAMARAGIBE	AL
94	PAULO JACINTO	AL
95	PENEDO	AL
96	PIAÇABUÇU	AL
97	PILAR	AL
98	PINDOBA	AL
99	PIRANHAS	AL
100	POÇO DAS TRINCHEIRAS	AL
101	PORTO CALVO	AL
102	PORTO DE PEDRAS	AL
103	PORTO REAL DO COLÉGIO	AL
104	QUEBRANGULO	AL
105	RIO LARGO	AL
106	ROTEIRO	AL
107	SANTA LUZIA DO NORTE	AL
108	SANTANA DO IPANEMA	AL
109	SANTANA DO MUNDAÚ	AL
110	SÃO BRÁS	AL
111	SÃO JOSÉ DA LAJE	AL
112	SÃO JOSÉ DA TAPERA	AL
113	SÃO LUÍS DO QUITUNDE	AL
114	SÃO MIGUEL DOS CAMPOS	AL
115	SÃO MIGUEL DOS MILAGRES	AL
116	SÃO SEBASTIÃO	AL
117	SATUBA	AL
118	SENADOR RUI PALMEIRA	AL
119	TANQUE D'ARCA	AL
120	TAQUARANA	AL
121	TEOTÔNIO VILELA	AL
122	TRAIPU	AL
123	UNIÃO DOS PALMARES	AL
124	VIÇOSA	AL
125	SERRA DO NAVIO	AP
126	AMAPÁ	AP
127	PEDRA BRANCA DO AMAPARI	AP
128	CALÇOENE	AP
129	CUTIAS	AP
130	FERREIRA GOMES	AP
131	ITAUBAL	AP
132	LARANJAL DO JARI	AP
133	MACAPÁ	AP
134	MAZAGÃO	AP
135	OIAPOQUE	AP
136	PORTO GRANDE	AP
137	PRACUÚBA	AP
138	SANTANA	AP
139	TARTARUGALZINHO	AP
140	VITÓRIA DO JARI	AP
141	ALVARÃES	AM
142	AMATURÁ	AM
143	ANAMÃ	AM
144	ANORI	AM
145	APUÍ	AM
146	ATALAIA DO NORTE	AM
147	AUTAZES	AM
148	BARCELOS	AM
149	BARREIRINHA	AM
150	BENJAMIN CONSTANT	AM
151	BERURI	AM
152	BOA VISTA DO RAMOS	AM
153	BOCA DO ACRE	AM
154	BORBA	AM
155	CAAPIRANGA	AM
156	CANUTAMA	AM
157	CARAUARI	AM
158	CAREIRO	AM
159	CAREIRO DA VÁRZEA	AM
161	CODAJÁS	AM
162	EIRUNEPÉ	AM
163	ENVIRA	AM
164	FONTE BOA	AM
165	GUAJARÁ	AM
166	HUMAITÁ	AM
167	IPIXUNA	AM
168	IRANDUBA	AM
169	ITACOATIARA	AM
170	ITAMARATI	AM
171	ITAPIRANGA	AM
172	JAPURÁ	AM
173	JURUÁ	AM
174	JUTAÍ	AM
175	LÁBREA	AM
176	MANACAPURU	AM
177	MANAQUIRI	AM
178	MANAUS	AM
179	MANICORÉ	AM
180	MARAÃ	AM
181	MAUÉS	AM
182	NHAMUNDÁ	AM
183	NOVA OLINDA DO NORTE	AM
184	NOVO AIRÃO	AM
185	NOVO ARIPUANÃ	AM
186	PARINTINS	AM
187	PAUINI	AM
188	PRESIDENTE FIGUEIREDO	AM
189	RIO PRETO DA EVA	AM
190	SANTA ISABEL DO RIO NEGRO	AM
191	SANTO ANTÔNIO DO IÇÁ	AM
192	SÃO GABRIEL DA CACHOEIRA	AM
193	SÃO PAULO DE OLIVENÇA	AM
194	SÃO SEBASTIÃO DO UATUMÃ	AM
195	SILVES	AM
196	TABATINGA	AM
197	TAPAUÁ	AM
198	TEFÉ	AM
199	TONANTINS	AM
200	UARINI	AM
201	URUCARÁ	AM
202	URUCURITUBA	AM
203	ABAÍRA	BA
204	ABARÉ	BA
205	ACAJUTIBA	BA
206	ADUSTINA	BA
207	ÁGUA FRIA	BA
208	ÉRICO CARDOSO	BA
209	AIQUARA	BA
210	ALAGOINHAS	BA
211	ALCOBAÇA	BA
212	ALMADINA	BA
213	AMARGOSA	BA
214	AMÉLIA RODRIGUES	BA
215	AMÉRICA DOURADA	BA
216	ANAGÉ	BA
217	ANDARAÍ	BA
218	ANDORINHA	BA
219	ANGICAL	BA
220	ANGUERA	BA
221	ANTAS	BA
222	ANTÔNIO CARDOSO	BA
223	ANTÔNIO GONÇALVES	BA
224	APORÁ	BA
225	APUAREMA	BA
226	ARACATU	BA
227	ARAÇAS	BA
228	ARACI	BA
229	ARAMARI	BA
230	ARATACA	BA
231	ARATUÍPE	BA
232	AURELINO LEAL	BA
233	BAIANÓPOLIS	BA
234	BAIXA GRANDE	BA
235	BANZAÊ	BA
236	BARRA	BA
237	BARRA DA ESTIVA	BA
238	BARRA DO CHOÇA	BA
239	BARRA DO MENDES	BA
240	BARRA DO ROCHA	BA
241	BARREIRAS	BA
242	BARRO ALTO	BA
243	BARROCAS	BA
244	BARRO PRETO	BA
245	BELMONTE	BA
246	BELO CAMPO	BA
247	BIRITINGA	BA
248	BOA NOVA	BA
249	BOA VISTA DO TUPIM	BA
250	BOM JESUS DA LAPA	BA
251	BOM JESUS DA SERRA	BA
252	BONINAL	BA
253	BONITO	BA
254	BOQUIRA	BA
255	BOTUPORÃ	BA
256	BREJÕES	BA
257	BREJOLÂNDIA	BA
258	BROTAS DE MACAÚBAS	BA
259	BRUMADO	BA
260	BUERAREMA	BA
261	BURITIRAMA	BA
262	CAATIBA	BA
263	CABACEIRAS DO PARAGUAÇU	BA
264	CACHOEIRA	BA
265	CACULÉ	BA
266	CAÉM	BA
267	CAETANOS	BA
268	CAETITÉ	BA
269	CAFARNAUM	BA
270	CAIRU	BA
271	CALDEIRÃO GRANDE	BA
272	CAMACAN	BA
273	CAMAÇARI	BA
274	CAMAMU	BA
275	CAMPO ALEGRE DE LOURDES	BA
276	CAMPO FORMOSO	BA
277	CANÁPOLIS	BA
278	CANARANA	BA
279	CANAVIEIRAS	BA
280	CANDEAL	BA
281	CANDEIAS	BA
282	CANDIBA	BA
283	CÂNDIDO SALES	BA
284	CANSANÇÃO	BA
285	CANUDOS	BA
286	CAPELA DO ALTO ALEGRE	BA
287	CAPIM GROSSO	BA
288	CARAÍBAS	BA
289	CARAVELAS	BA
290	CARDEAL DA SILVA	BA
291	CARINHANHA	BA
292	CASA NOVA	BA
293	CASTRO ALVES	BA
294	CATOLÂNDIA	BA
295	CATU	BA
296	CATURAMA	BA
297	CENTRAL	BA
298	CHORROCHÓ	BA
299	CÍCERO DANTAS	BA
300	CIPÓ	BA
301	COARACI	BA
302	COCOS	BA
303	CONCEIÇÃO DA FEIRA	BA
304	CONCEIÇÃO DO ALMEIDA	BA
305	CONCEIÇÃO DO COITÉ	BA
306	CONCEIÇÃO DO JACUÍPE	BA
307	CONDE	BA
308	CONDEÚBA	BA
309	CONTENDAS DO SINCORÁ	BA
310	CORAÇÃO DE MARIA	BA
311	CORDEIROS	BA
312	CORIBE	BA
313	CORONEL JOÃO SÁ	BA
314	CORRENTINA	BA
315	COTEGIPE	BA
316	CRAVOLÂNDIA	BA
317	CRISÓPOLIS	BA
318	CRISTÓPOLIS	BA
319	CRUZ DAS ALMAS	BA
320	CURAÇÁ	BA
321	DÁRIO MEIRA	BA
322	DIAS D'ÁVILA	BA
323	DOM BASÍLIO	BA
324	DOM MACEDO COSTA	BA
325	ELÍSIO MEDRADO	BA
326	ENCRUZILHADA	BA
327	ENTRE RIOS	BA
328	ESPLANADA	BA
329	EUCLIDES DA CUNHA	BA
330	EUNÁPOLIS	BA
331	FÁTIMA	BA
332	FEIRA DA MATA	BA
333	FEIRA DE SANTANA	BA
334	FILADÉLFIA	BA
335	FIRMINO ALVES	BA
336	FLORESTA AZUL	BA
337	FORMOSA DO RIO PRETO	BA
338	GANDU	BA
339	GAVIÃO	BA
340	GENTIO DO OURO	BA
341	GLÓRIA	BA
342	GONGOGI	BA
343	GOVERNADOR MANGABEIRA	BA
344	GUAJERU	BA
345	GUANAMBI	BA
346	GUARATINGA	BA
347	HELIÓPOLIS	BA
348	IAÇU	BA
349	IBIASSUCÊ	BA
350	IBICARAÍ	BA
351	IBICOARA	BA
352	IBICUÍ	BA
353	IBIPEBA	BA
354	IBIPITANGA	BA
355	IBIQUERA	BA
356	IBIRAPITANGA	BA
357	IBIRAPUÃ	BA
358	IBIRATAIA	BA
359	IBITIARA	BA
360	IBITITÁ	BA
361	IBOTIRAMA	BA
362	ICHU	BA
363	IGAPORÃ	BA
364	IGRAPIÚNA	BA
365	IGUAÍ	BA
366	ILHÉUS	BA
367	INHAMBUPE	BA
368	IPECAETÁ	BA
369	IPIAÚ	BA
370	IPIRÁ	BA
371	IPUPIARA	BA
372	IRAJUBA	BA
373	IRAMAIA	BA
374	IRAQUARA	BA
375	IRARÁ	BA
376	IRECÊ	BA
377	ITABELA	BA
378	ITABERABA	BA
379	ITABUNA	BA
380	ITACARÉ	BA
381	ITAETÉ	BA
382	ITAGI	BA
383	ITAGIBÁ	BA
384	ITAGIMIRIM	BA
385	ITAGUAÇU DA BAHIA	BA
386	ITAJU DO COLÔNIA	BA
387	ITAJUÍPE	BA
388	ITAMARAJU	BA
389	ITAMARI	BA
390	ITAMBÉ	BA
391	ITANAGRA	BA
392	ITANHÉM	BA
393	ITAPARICA	BA
394	ITAPÉ	BA
395	ITAPEBI	BA
396	ITAPETINGA	BA
397	ITAPICURU	BA
398	ITAPITANGA	BA
399	ITAQUARA	BA
400	ITARANTIM	BA
401	ITATIM	BA
402	ITIRUÇU	BA
403	ITIÚBA	BA
404	ITORORÓ	BA
405	ITUAÇU	BA
406	ITUBERÁ	BA
407	IUIÚ	BA
408	JABORANDI	BA
409	JACARACI	BA
410	JACOBINA	BA
411	JAGUAQUARA	BA
412	JAGUARARI	BA
413	JAGUARIPE	BA
414	JANDAÍRA	BA
415	JEQUIÉ	BA
416	JEREMOABO	BA
417	JIQUIRIÇÁ	BA
418	JITAÚNA	BA
419	JOÃO DOURADO	BA
420	JUAZEIRO	BA
421	JUCURUÇU	BA
422	JUSSARA	BA
423	JUSSARI	BA
424	JUSSIAPE	BA
425	LAFAIETE COUTINHO	BA
426	LAGOA REAL	BA
427	LAJE	BA
428	LAJEDÃO	BA
429	LAJEDINHO	BA
430	LAJEDO DO TABOCAL	BA
431	LAMARÃO	BA
432	LAPÃO	BA
433	LAURO DE FREITAS	BA
434	LENÇÓIS	BA
435	LICÍNIO DE ALMEIDA	BA
436	LIVRAMENTO DE NOSSA SENHORA	BA
437	LUÍS EDUARDO MAGALHÃES	BA
438	MACAJUBA	BA
439	MACARANI	BA
440	MACAÚBAS	BA
441	MACURURÉ	BA
442	MADRE DE DEUS	BA
443	MAETINGA	BA
444	MAIQUINIQUE	BA
445	MAIRI	BA
446	MALHADA	BA
447	MALHADA DE PEDRAS	BA
448	MANOEL VITORINO	BA
449	MANSIDÃO	BA
450	MARACÁS	BA
451	MARAGOGIPE	BA
452	MARAÚ	BA
453	MARCIONÍLIO SOUZA	BA
454	MASCOTE	BA
455	MATA DE SÃO JOÃO	BA
456	MATINA	BA
457	MEDEIROS NETO	BA
458	MIGUEL CALMON	BA
459	MILAGRES	BA
460	MIRANGABA	BA
461	MIRANTE	BA
462	MONTE SANTO	BA
463	MORPARÁ	BA
464	MORRO DO CHAPÉU	BA
465	MORTUGABA	BA
466	MUCUGÊ	BA
467	MUCURI	BA
468	MULUNGU DO MORRO	BA
469	MUNDO NOVO	BA
470	MUNIZ FERREIRA	BA
471	MUQUÉM DE SÃO FRANCISCO	BA
472	MURITIBA	BA
473	MUTUÍPE	BA
474	NAZARÉ	BA
475	NILO PEÇANHA	BA
476	NORDESTINA	BA
477	NOVA CANAÃ	BA
478	NOVA FÁTIMA	BA
479	NOVA IBIÁ	BA
480	NOVA ITARANA	BA
481	NOVA REDENÇÃO	BA
482	NOVA SOURE	BA
483	NOVA VIÇOSA	BA
484	NOVO HORIZONTE	BA
485	NOVO TRIUNFO	BA
486	OLINDINA	BA
487	OLIVEIRA DOS BREJINHOS	BA
488	OURIÇANGAS	BA
489	OUROLÂNDIA	BA
490	PALMAS DE MONTE ALTO	BA
491	PALMEIRAS	BA
492	PARAMIRIM	BA
493	PARATINGA	BA
494	PARIPIRANGA	BA
495	PAU BRASIL	BA
496	PAULO AFONSO	BA
497	PÉ DE SERRA	BA
498	PEDRÃO	BA
499	PEDRO ALEXANDRE	BA
500	PIATÃ	BA
501	PILÃO ARCADO	BA
502	PINDAÍ	BA
503	PINDOBAÇU	BA
504	PINTADAS	BA
505	PIRAÍ DO NORTE	BA
506	PIRIPÁ	BA
507	PIRITIBA	BA
508	PLANALTINO	BA
509	PLANALTO	BA
510	POÇÕES	BA
511	POJUCA	BA
512	PONTO NOVO	BA
513	PORTO SEGURO	BA
514	POTIRAGUÁ	BA
515	PRADO	BA
516	PRESIDENTE DUTRA	BA
517	PRESIDENTE JÂNIO QUADROS	BA
518	PRESIDENTE TANCREDO NEVES	BA
519	QUEIMADAS	BA
520	QUIJINGUE	BA
521	QUIXABEIRA	BA
522	RAFAEL JAMBEIRO	BA
523	REMANSO	BA
524	RETIROLÂNDIA	BA
525	RIACHÃO DAS NEVES	BA
526	RIACHÃO DO JACUÍPE	BA
527	RIACHO DE SANTANA	BA
528	RIBEIRA DO AMPARO	BA
529	RIBEIRA DO POMBAL	BA
530	RIBEIRÃO DO LARGO	BA
531	RIO DE CONTAS	BA
532	RIO DO ANTÔNIO	BA
533	RIO DO PIRES	BA
534	RIO REAL	BA
535	RODELAS	BA
536	RUY BARBOSA	BA
537	SALINAS DA MARGARIDA	BA
538	SALVADOR	BA
539	SANTA BÁRBARA	BA
540	SANTA BRÍGIDA	BA
541	SANTA CRUZ CABRÁLIA	BA
542	SANTA CRUZ DA VITÓRIA	BA
543	SANTA INÊS	BA
544	SANTALUZ	BA
545	SANTA LUZIA	BA
546	SANTA MARIA DA VITÓRIA	BA
547	SANTANA	BA
548	SANTANÓPOLIS	BA
549	SANTA RITA DE CÁSSIA	BA
550	SANTA TERESINHA	BA
551	SANTO AMARO	BA
552	SANTO ANTÔNIO DE JESUS	BA
553	SANTO ESTÊVÃO	BA
554	SÃO DESIDÉRIO	BA
555	SÃO DOMINGOS	BA
556	SÃO FÉLIX	BA
557	SÃO FÉLIX DO CORIBE	BA
558	SÃO FELIPE	BA
559	SÃO FRANCISCO DO CONDE	BA
560	SÃO GABRIEL	BA
561	SÃO GONÇALO DOS CAMPOS	BA
562	SÃO JOSÉ DA VITÓRIA	BA
563	SÃO JOSÉ DO JACUÍPE	BA
564	SÃO MIGUEL DAS MATAS	BA
565	SÃO SEBASTIÃO DO PASSÉ	BA
566	SAPEAÇU	BA
567	SÁTIRO DIAS	BA
568	SAUBARA	BA
569	SAÚDE	BA
570	SEABRA	BA
571	SEBASTIÃO LARANJEIRAS	BA
572	SENHOR DO BONFIM	BA
573	SERRA DO RAMALHO	BA
574	SENTO SÉ	BA
575	SERRA DOURADA	BA
576	SERRA PRETA	BA
577	SERRINHA	BA
578	SERROLÂNDIA	BA
579	SIMÕES FILHO	BA
580	SÍTIO DO MATO	BA
581	SÍTIO DO QUINTO	BA
582	SOBRADINHO	BA
583	SOUTO SOARES	BA
584	TABOCAS DO BREJO VELHO	BA
585	TANHAÇU	BA
586	TANQUE NOVO	BA
587	TANQUINHO	BA
588	TAPEROÁ	BA
589	TAPIRAMUTÁ	BA
590	TEIXEIRA DE FREITAS	BA
591	TEODORO SAMPAIO	BA
592	TEOFILÂNDIA	BA
593	TEOLÂNDIA	BA
594	TERRA NOVA	BA
595	TREMEDAL	BA
596	TUCANO	BA
597	UAUÁ	BA
598	UBAÍRA	BA
599	UBAITABA	BA
600	UBATÃ	BA
601	UIBAÍ	BA
602	UMBURANAS	BA
603	UNA	BA
604	URANDI	BA
605	URUÇUCA	BA
606	UTINGA	BA
607	VALENÇA	BA
608	VALENTE	BA
609	VÁRZEA DA ROÇA	BA
610	VÁRZEA DO POÇO	BA
611	VÁRZEA NOVA	BA
612	VARZEDO	BA
613	VERA CRUZ	BA
614	VEREDA	BA
615	VITÓRIA DA CONQUISTA	BA
616	WAGNER	BA
617	WANDERLEY	BA
618	WENCESLAU GUIMARÃES	BA
619	XIQUE-XIQUE	BA
620	ABAIARA	CE
621	ACARAPE	CE
622	ACARAÚ	CE
623	ACOPIARA	CE
624	AIUABA	CE
625	ALCÂNTARAS	CE
626	ALTANEIRA	CE
627	ALTO SANTO	CE
628	AMONTADA	CE
629	ANTONINA DO NORTE	CE
630	APUIARÉS	CE
631	AQUIRAZ	CE
632	ARACATI	CE
633	ARACOIABA	CE
634	ARARENDÁ	CE
635	ARARIPE	CE
636	ARATUBA	CE
637	ARNEIROZ	CE
638	ASSARÉ	CE
639	AURORA	CE
640	BAIXIO	CE
641	BANABUIÚ	CE
642	BARBALHA	CE
643	BARREIRA	CE
644	BARRO	CE
645	BARROQUINHA	CE
646	BATURITÉ	CE
647	BEBERIBE	CE
648	BELA CRUZ	CE
649	BOA VIAGEM	CE
650	BREJO SANTO	CE
651	CAMOCIM	CE
652	CAMPOS SALES	CE
653	CANINDÉ	CE
654	CAPISTRANO	CE
655	CARIDADE	CE
656	CARIRÉ	CE
657	CARIRIAÇU	CE
658	CARIÚS	CE
659	CARNAUBAL	CE
660	CASCAVEL	CE
661	CATARINA	CE
662	CATUNDA	CE
663	CAUCAIA	CE
664	CEDRO	CE
665	CHAVAL	CE
666	CHORÓ	CE
667	CHOROZINHO	CE
668	COREAÚ	CE
669	CRATEÚS	CE
670	CRATO	CE
671	CROATÁ	CE
672	CRUZ	CE
673	DEPUTADO IRAPUAN PINHEIRO	CE
674	ERERÊ	CE
675	EUSÉBIO	CE
676	FARIAS BRITO	CE
677	FORQUILHA	CE
678	FORTALEZA	CE
679	FORTIM	CE
680	FRECHEIRINHA	CE
681	GENERAL SAMPAIO	CE
682	GRAÇA	CE
683	GRANJA	CE
684	GRANJEIRO	CE
685	GROAÍRAS	CE
686	GUAIÚBA	CE
687	GUARACIABA DO NORTE	CE
688	GUARAMIRANGA	CE
689	HIDROLÂNDIA	CE
690	HORIZONTE	CE
691	IBARETAMA	CE
692	IBIAPINA	CE
693	IBICUITINGA	CE
694	ICAPUÍ	CE
695	ICÓ	CE
696	IGUATU	CE
697	INDEPENDÊNCIA	CE
698	IPAPORANGA	CE
699	IPAUMIRIM	CE
700	IPU	CE
701	IPUEIRAS	CE
702	IRACEMA	CE
703	IRAUÇUBA	CE
704	ITAIÇABA	CE
705	ITAITINGA	CE
706	ITAPAGÉ	CE
707	ITAPIPOCA	CE
708	ITAPIÚNA	CE
709	ITAREMA	CE
710	ITATIRA	CE
711	JAGUARETAMA	CE
712	JAGUARIBARA	CE
713	JAGUARIBE	CE
714	JAGUARUANA	CE
715	JARDIM	CE
716	JATI	CE
717	JIJOCA DE JERICOACOARA	CE
718	JUAZEIRO DO NORTE	CE
719	JUCÁS	CE
720	LAVRAS DA MANGABEIRA	CE
721	LIMOEIRO DO NORTE	CE
722	MADALENA	CE
723	MARACANAÚ	CE
724	MARANGUAPE	CE
725	MARCO	CE
726	MARTINÓPOLE	CE
727	MASSAPÊ	CE
728	MAURITI	CE
729	MERUOCA	CE
730	MILAGRES	CE
731	MILHÃ	CE
732	MIRAÍMA	CE
733	MISSÃO VELHA	CE
734	MOMBAÇA	CE
735	MONSENHOR TABOSA	CE
736	MORADA NOVA	CE
737	MORAÚJO	CE
738	MORRINHOS	CE
739	MUCAMBO	CE
740	MULUNGU	CE
741	NOVA OLINDA	CE
742	NOVA RUSSAS	CE
743	NOVO ORIENTE	CE
744	OCARA	CE
745	ORÓS	CE
746	PACAJUS	CE
747	PACATUBA	CE
748	PACOTI	CE
749	PACUJÁ	CE
750	PALHANO	CE
751	PALMÁCIA	CE
752	PARACURU	CE
753	PARAIPABA	CE
754	PARAMBU	CE
755	PARAMOTI	CE
756	PEDRA BRANCA	CE
757	PENAFORTE	CE
758	PENTECOSTE	CE
759	PEREIRO	CE
760	PINDORETAMA	CE
761	PIQUET CARNEIRO	CE
762	PIRES FERREIRA	CE
763	PORANGA	CE
764	PORTEIRAS	CE
765	POTENGI	CE
766	POTIRETAMA	CE
767	QUITERIANÓPOLIS	CE
768	QUIXADÁ	CE
769	QUIXELÔ	CE
770	QUIXERAMOBIM	CE
771	QUIXERÉ	CE
772	REDENÇÃO	CE
773	RERIUTABA	CE
774	RUSSAS	CE
775	SABOEIRO	CE
776	SALITRE	CE
777	SANTANA DO ACARAÚ	CE
778	SANTANA DO CARIRI	CE
779	SANTA QUITÉRIA	CE
780	SÃO BENEDITO	CE
781	SÃO GONÇALO DO AMARANTE	CE
782	SÃO JOÃO DO JAGUARIBE	CE
783	SÃO LUÍS DO CURU	CE
784	SENADOR POMPEU	CE
785	SENADOR SÁ	CE
786	SOBRAL	CE
787	SOLONÓPOLE	CE
788	TABULEIRO DO NORTE	CE
789	TAMBORIL	CE
790	TARRAFAS	CE
791	TAUÁ	CE
792	TEJUÇUOCA	CE
793	TIANGUÁ	CE
794	TRAIRI	CE
795	TURURU	CE
796	UBAJARA	CE
797	UMARI	CE
798	UMIRIM	CE
799	URUBURETAMA	CE
800	URUOCA	CE
801	VARJOTA	CE
802	VÁRZEA ALEGRE	CE
803	VIÇOSA DO CEARÁ	CE
804	BRASÍLIA	DF
805	AFONSO CLÁUDIO	ES
806	ÁGUIA BRANCA	ES
807	ÁGUA DOCE DO NORTE	ES
808	ALEGRE	ES
809	ALFREDO CHAVES	ES
810	ALTO RIO NOVO	ES
811	ANCHIETA	ES
812	APIACÁ	ES
813	ARACRUZ	ES
814	ATILIO VIVACQUA	ES
815	BAIXO GUANDU	ES
816	BARRA DE SÃO FRANCISCO	ES
817	BOA ESPERANÇA	ES
818	BOM JESUS DO NORTE	ES
819	BREJETUBA	ES
820	CACHOEIRO DE ITAPEMIRIM	ES
821	CARIACICA	ES
822	CASTELO	ES
823	COLATINA	ES
824	CONCEIÇÃO DA BARRA	ES
825	CONCEIÇÃO DO CASTELO	ES
826	DIVINO DE SÃO LOURENÇO	ES
827	DOMINGOS MARTINS	ES
828	DORES DO RIO PRETO	ES
829	ECOPORANGA	ES
830	FUNDÃO	ES
831	GOVERNADOR LINDENBERG	ES
832	GUAÇUÍ	ES
833	GUARAPARI	ES
834	IBATIBA	ES
835	IBIRAÇU	ES
836	IBITIRAMA	ES
837	ICONHA	ES
838	IRUPI	ES
839	ITAGUAÇU	ES
840	ITAPEMIRIM	ES
841	ITARANA	ES
842	IÚNA	ES
843	JAGUARÉ	ES
844	JERÔNIMO MONTEIRO	ES
845	JOÃO NEIVA	ES
846	LARANJA DA TERRA	ES
847	LINHARES	ES
848	MANTENÓPOLIS	ES
849	MARATAÍZES	ES
850	MARECHAL FLORIANO	ES
851	MARILÂNDIA	ES
852	MIMOSO DO SUL	ES
853	MONTANHA	ES
854	MUCURICI	ES
855	MUNIZ FREIRE	ES
856	MUQUI	ES
857	NOVA VENÉCIA	ES
858	PANCAS	ES
859	PEDRO CANÁRIO	ES
860	PINHEIROS	ES
861	PIÚMA	ES
862	PONTO BELO	ES
863	PRESIDENTE KENNEDY	ES
864	RIO BANANAL	ES
865	RIO NOVO DO SUL	ES
866	SANTA LEOPOLDINA	ES
867	SANTA MARIA DE JETIBÁ	ES
868	SANTA TERESA	ES
869	SÃO DOMINGOS DO NORTE	ES
870	SÃO GABRIEL DA PALHA	ES
871	SÃO JOSÉ DO CALÇADO	ES
872	SÃO MATEUS	ES
873	SÃO ROQUE DO CANAÃ	ES
874	SERRA	ES
875	SOORETAMA	ES
876	VARGEM ALTA	ES
877	VENDA NOVA DO IMIGRANTE	ES
878	VIANA	ES
879	VILA PAVÃO	ES
880	VILA VALÉRIO	ES
881	VILA VELHA	ES
882	VITÓRIA	ES
883	ABADIA DE GOIÁS	GO
884	ABADIÂNIA	GO
885	ACREÚNA	GO
886	ADELÂNDIA	GO
887	ÁGUA FRIA DE GOIÁS	GO
888	ÁGUA LIMPA	GO
889	ÁGUAS LINDAS DE GOIÁS	GO
890	ALEXÂNIA	GO
891	ALOÂNDIA	GO
892	ALTO HORIZONTE	GO
893	ALTO PARAÍSO DE GOIÁS	GO
894	ALVORADA DO NORTE	GO
895	AMARALINA	GO
896	AMERICANO DO BRASIL	GO
897	AMORINÓPOLIS	GO
898	ANÁPOLIS	GO
899	ANHANGUERA	GO
900	ANICUNS	GO
901	APARECIDA DE GOIÂNIA	GO
902	APARECIDA DO RIO DOCE	GO
903	APORÉ	GO
904	ARAÇU	GO
905	ARAGARÇAS	GO
906	ARAGOIÂNIA	GO
907	ARAGUAPAZ	GO
908	ARENÓPOLIS	GO
909	ARUANÃ	GO
910	AURILÂNDIA	GO
911	AVELINÓPOLIS	GO
912	BALIZA	GO
913	BARRO ALTO	GO
914	BELA VISTA DE GOIÁS	GO
915	BOM JARDIM DE GOIÁS	GO
916	BOM JESUS DE GOIÁS	GO
917	BONFINÓPOLIS	GO
918	BONÓPOLIS	GO
919	BRAZABRANTES	GO
920	BRITÂNIA	GO
921	BURITI ALEGRE	GO
922	BURITI DE GOIÁS	GO
923	BURITINÓPOLIS	GO
924	CABECEIRAS	GO
925	CACHOEIRA ALTA	GO
926	CACHOEIRA DE GOIÁS	GO
927	CACHOEIRA DOURADA	GO
928	CAÇU	GO
929	CAIAPÔNIA	GO
930	CALDAS NOVAS	GO
931	CALDAZINHA	GO
932	CAMPESTRE DE GOIÁS	GO
933	CAMPINAÇU	GO
934	CAMPINORTE	GO
935	CAMPO ALEGRE DE GOIÁS	GO
936	CAMPO LIMPO DE GOIÁS	GO
937	CAMPOS BELOS	GO
938	CAMPOS VERDES	GO
939	CARMO DO RIO VERDE	GO
940	CASTELÂNDIA	GO
941	CATALÃO	GO
942	CATURAÍ	GO
943	CAVALCANTE	GO
944	CERES	GO
945	CEZARINA	GO
946	CHAPADÃO DO CÉU	GO
947	CIDADE OCIDENTAL	GO
948	COCALZINHO DE GOIÁS	GO
949	COLINAS DO SUL	GO
950	CÓRREGO DO OURO	GO
951	CORUMBÁ DE GOIÁS	GO
952	CORUMBAÍBA	GO
953	CRISTALINA	GO
954	CRISTIANÓPOLIS	GO
955	CRIXÁS	GO
956	CROMÍNIA	GO
957	CUMARI	GO
958	DAMIANÓPOLIS	GO
959	DAMOLÂNDIA	GO
960	DAVINÓPOLIS	GO
961	DIORAMA	GO
962	DOVERLÂNDIA	GO
963	EDEALINA	GO
964	EDÉIA	GO
965	ESTRELA DO NORTE	GO
966	FAINA	GO
967	FAZENDA NOVA	GO
968	FIRMINÓPOLIS	GO
969	FLORES DE GOIÁS	GO
970	FORMOSA	GO
971	FORMOSO	GO
972	GAMELEIRA DE GOIÁS	GO
973	DIVINÓPOLIS DE GOIÁS	GO
974	GOIANÁPOLIS	GO
975	GOIANDIRA	GO
976	GOIANÉSIA	GO
977	GOIÂNIA	GO
978	GOIANIRA	GO
979	GOIÁS	GO
980	GOIATUBA	GO
981	GOUVELÂNDIA	GO
982	GUAPÓ	GO
983	GUARAÍTA	GO
984	GUARANI DE GOIÁS	GO
985	GUARINOS	GO
986	HEITORAÍ	GO
987	HIDROLÂNDIA	GO
988	HIDROLINA	GO
989	IACIARA	GO
990	INACIOLÂNDIA	GO
991	INDIARA	GO
992	INHUMAS	GO
993	IPAMERI	GO
994	IPIRANGA DE GOIÁS	GO
995	IPORÁ	GO
996	ISRAELÂNDIA	GO
997	ITABERAÍ	GO
998	ITAGUARI	GO
999	ITAGUARU	GO
1000	ITAJÁ	GO
1001	ITAPACI	GO
1002	ITAPIRAPUÃ	GO
1003	ITAPURANGA	GO
1004	ITARUMÃ	GO
1005	ITAUÇU	GO
1006	ITUMBIARA	GO
1007	IVOLÂNDIA	GO
1008	JANDAIA	GO
1009	JARAGUÁ	GO
1010	JATAÍ	GO
1011	JAUPACI	GO
1012	JESÚPOLIS	GO
1013	JOVIÂNIA	GO
1014	JUSSARA	GO
1015	LAGOA SANTA	GO
1016	LEOPOLDO DE BULHÕES	GO
1017	LUZIÂNIA	GO
1018	MAIRIPOTABA	GO
1019	MAMBAÍ	GO
1020	MARA ROSA	GO
1021	MARZAGÃO	GO
1022	MATRINCHÃ	GO
1023	MAURILÂNDIA	GO
1024	MIMOSO DE GOIÁS	GO
1025	MINAÇU	GO
1026	MINEIROS	GO
1027	MOIPORÁ	GO
1028	MONTE ALEGRE DE GOIÁS	GO
1029	MONTES CLAROS DE GOIÁS	GO
1030	MONTIVIDIU	GO
1031	MONTIVIDIU DO NORTE	GO
1032	MORRINHOS	GO
1033	MORRO AGUDO DE GOIÁS	GO
1034	MOSSÂMEDES	GO
1035	MOZARLÂNDIA	GO
1036	MUNDO NOVO	GO
1037	MUTUNÓPOLIS	GO
1038	NAZÁRIO	GO
1039	NERÓPOLIS	GO
1040	NIQUELÂNDIA	GO
1041	NOVA AMÉRICA	GO
1042	NOVA AURORA	GO
1043	NOVA CRIXÁS	GO
1044	NOVA GLÓRIA	GO
1045	NOVA IGUAÇU DE GOIÁS	GO
1046	NOVA ROMA	GO
1047	NOVA VENEZA	GO
1048	NOVO BRASIL	GO
1049	NOVO GAMA	GO
1050	NOVO PLANALTO	GO
1051	ORIZONA	GO
1052	OURO VERDE DE GOIÁS	GO
1053	OUVIDOR	GO
1054	PADRE BERNARDO	GO
1055	PALESTINA DE GOIÁS	GO
1056	PALMEIRAS DE GOIÁS	GO
1057	PALMELO	GO
1058	PALMINÓPOLIS	GO
1059	PANAMÁ	GO
1060	PARANAIGUARA	GO
1061	PARAÚNA	GO
1062	PEROLÂNDIA	GO
1063	PETROLINA DE GOIÁS	GO
1064	PILAR DE GOIÁS	GO
1065	PIRACANJUBA	GO
1066	PIRANHAS	GO
1067	PIRENÓPOLIS	GO
1068	PIRES DO RIO	GO
1069	PLANALTINA	GO
1070	PONTALINA	GO
1071	PORANGATU	GO
1072	PORTEIRÃO	GO
1073	PORTELÂNDIA	GO
1074	POSSE	GO
1075	PROFESSOR JAMIL	GO
1076	QUIRINÓPOLIS	GO
1077	RIALMA	GO
1078	RIANÁPOLIS	GO
1079	RIO QUENTE	GO
1080	RIO VERDE	GO
1081	RUBIATABA	GO
1082	SANCLERLÂNDIA	GO
1083	SANTA BÁRBARA DE GOIÁS	GO
1084	SANTA CRUZ DE GOIÁS	GO
1085	SANTA FÉ DE GOIÁS	GO
1086	SANTA HELENA DE GOIÁS	GO
1087	SANTA ISABEL	GO
1088	SANTA RITA DO ARAGUAIA	GO
1089	SANTA RITA DO NOVO DESTINO	GO
1090	SANTA ROSA DE GOIÁS	GO
1091	SANTA TEREZA DE GOIÁS	GO
1092	SANTA TEREZINHA DE GOIÁS	GO
1093	SANTO ANTÔNIO DA BARRA	GO
1094	SANTO ANTÔNIO DE GOIÁS	GO
1095	SANTO ANTÔNIO DO DESCOBERTO	GO
1096	SÃO DOMINGOS	GO
1097	SÃO FRANCISCO DE GOIÁS	GO
1098	SÃO JOÃO D'ALIANÇA	GO
1099	SÃO JOÃO DA PARAÚNA	GO
1100	SÃO LUÍS DE MONTES BELOS	GO
1101	SÃO LUÍZ DO NORTE	GO
1102	SÃO MIGUEL DO ARAGUAIA	GO
1103	SÃO MIGUEL DO PASSA QUATRO	GO
1104	SÃO PATRÍCIO	GO
1105	SÃO SIMÃO	GO
1106	SENADOR CANEDO	GO
1107	SERRANÓPOLIS	GO
1108	SILVÂNIA	GO
1109	SIMOLÂNDIA	GO
1110	SÍTIO D'ABADIA	GO
1111	TAQUARAL DE GOIÁS	GO
1112	TERESINA DE GOIÁS	GO
1113	TEREZÓPOLIS DE GOIÁS	GO
1114	TRÊS RANCHOS	GO
1115	TRINDADE	GO
1116	TROMBAS	GO
1117	TURVÂNIA	GO
1118	TURVELÂNDIA	GO
1119	UIRAPURU	GO
1120	URUAÇU	GO
1121	URUANA	GO
1122	URUTAÍ	GO
1123	VALPARAÍSO DE GOIÁS	GO
1124	VARJÃO	GO
1125	VIANÓPOLIS	GO
1126	VICENTINÓPOLIS	GO
1127	VILA BOA	GO
1128	VILA PROPÍCIO	GO
1129	AÇAILÂNDIA	MA
1130	AFONSO CUNHA	MA
1131	ÁGUA DOCE DO MARANHÃO	MA
1132	ALCÂNTARA	MA
1133	ALDEIAS ALTAS	MA
1134	ALTAMIRA DO MARANHÃO	MA
1135	ALTO ALEGRE DO MARANHÃO	MA
1136	ALTO ALEGRE DO PINDARÉ	MA
1137	ALTO PARNAÍBA	MA
1138	AMAPÁ DO MARANHÃO	MA
1139	AMARANTE DO MARANHÃO	MA
1140	ANAJATUBA	MA
1141	ANAPURUS	MA
1142	APICUM-AÇU	MA
1143	ARAGUANÃ	MA
1144	ARAIOSES	MA
1145	ARAME	MA
1146	ARARI	MA
1147	AXIXÁ	MA
1148	BACABAL	MA
1149	BACABEIRA	MA
1150	BACURI	MA
1151	BACURITUBA	MA
1152	BALSAS	MA
1153	BARÃO DE GRAJAÚ	MA
1154	BARRA DO CORDA	MA
1155	BARREIRINHAS	MA
1156	BELÁGUA	MA
1157	BELA VISTA DO MARANHÃO	MA
1158	BENEDITO LEITE	MA
1159	BEQUIMÃO	MA
1160	BERNARDO DO MEARIM	MA
1161	BOA VISTA DO GURUPI	MA
1162	BOM JARDIM	MA
1163	BOM JESUS DAS SELVAS	MA
1164	BOM LUGAR	MA
1165	BREJO	MA
1166	BREJO DE AREIA	MA
1167	BURITI	MA
1168	BURITI BRAVO	MA
1169	BURITICUPU	MA
1170	BURITIRANA	MA
1171	CACHOEIRA GRANDE	MA
1172	CAJAPIÓ	MA
1173	CAJARI	MA
1174	CAMPESTRE DO MARANHÃO	MA
1175	CÂNDIDO MENDES	MA
1176	CANTANHEDE	MA
1177	CAPINZAL DO NORTE	MA
1178	CAROLINA	MA
1179	CARUTAPERA	MA
1180	CAXIAS	MA
1181	CEDRAL	MA
1182	CENTRAL DO MARANHÃO	MA
1183	CENTRO DO GUILHERME	MA
1184	CENTRO NOVO DO MARANHÃO	MA
1185	CHAPADINHA	MA
1186	CIDELÂNDIA	MA
1187	CODÓ	MA
1188	COELHO NETO	MA
1189	COLINAS	MA
1190	CONCEIÇÃO DO LAGO-AÇU	MA
1191	COROATÁ	MA
1192	CURURUPU	MA
1193	DAVINÓPOLIS	MA
1194	DOM PEDRO	MA
1195	DUQUE BACELAR	MA
1196	ESPERANTINÓPOLIS	MA
1197	ESTREITO	MA
1198	FEIRA NOVA DO MARANHÃO	MA
1199	FERNANDO FALCÃO	MA
1200	FORMOSA DA SERRA NEGRA	MA
1201	FORTALEZA DOS NOGUEIRAS	MA
1202	FORTUNA	MA
1203	GODOFREDO VIANA	MA
1204	GONÇALVES DIAS	MA
1205	GOVERNADOR ARCHER	MA
1206	GOVERNADOR EDISON LOBÃO	MA
1207	GOVERNADOR EUGÊNIO BARROS	MA
1208	GOVERNADOR LUIZ ROCHA	MA
1209	GOVERNADOR NEWTON BELLO	MA
1210	GOVERNADOR NUNES FREIRE	MA
1211	GRAÇA ARANHA	MA
1212	GRAJAÚ	MA
1213	GUIMARÃES	MA
1214	HUMBERTO DE CAMPOS	MA
1215	ICATU	MA
1216	IGARAPÉ DO MEIO	MA
1217	IGARAPÉ GRANDE	MA
1218	IMPERATRIZ	MA
1219	ITAIPAVA DO GRAJAÚ	MA
1220	ITAPECURU MIRIM	MA
1221	ITINGA DO MARANHÃO	MA
1222	JATOBÁ	MA
1223	JENIPAPO DOS VIEIRAS	MA
1224	JOÃO LISBOA	MA
1225	JOSELÂNDIA	MA
1226	JUNCO DO MARANHÃO	MA
1227	LAGO DA PEDRA	MA
1228	LAGO DO JUNCO	MA
1229	LAGO VERDE	MA
1230	LAGOA DO MATO	MA
1231	LAGO DOS RODRIGUES	MA
1232	LAGOA GRANDE DO MARANHÃO	MA
1233	LAJEADO NOVO	MA
1234	LIMA CAMPOS	MA
1235	LORETO	MA
1236	LUÍS DOMINGUES	MA
1237	MAGALHÃES DE ALMEIDA	MA
1238	MARACAÇUMÉ	MA
1239	MARAJÁ DO SENA	MA
1240	MARANHÃOZINHO	MA
1241	MATA ROMA	MA
1242	MATINHA	MA
1243	MATÕES	MA
1244	MATÕES DO NORTE	MA
1245	MILAGRES DO MARANHÃO	MA
1246	MIRADOR	MA
1247	MIRANDA DO NORTE	MA
1248	MIRINZAL	MA
1249	MONÇÃO	MA
1250	MONTES ALTOS	MA
1251	MORROS	MA
1252	NINA RODRIGUES	MA
1253	NOVA COLINAS	MA
1254	NOVA IORQUE	MA
1255	NOVA OLINDA DO MARANHÃO	MA
1256	OLHO D'ÁGUA DAS CUNHÃS	MA
1257	OLINDA NOVA DO MARANHÃO	MA
1258	PAÇO DO LUMIAR	MA
1259	PALMEIRÂNDIA	MA
1260	PARAIBANO	MA
1261	PARNARAMA	MA
1262	PASSAGEM FRANCA	MA
1263	PASTOS BONS	MA
1264	PAULINO NEVES	MA
1265	PAULO RAMOS	MA
1266	PEDREIRAS	MA
1267	PEDRO DO ROSÁRIO	MA
1268	PENALVA	MA
1269	PERI MIRIM	MA
1270	PERITORÓ	MA
1271	PINDARÉ-MIRIM	MA
1272	PINHEIRO	MA
1273	PIO XII	MA
1274	PIRAPEMAS	MA
1275	POÇÃO DE PEDRAS	MA
1276	PORTO FRANCO	MA
1277	PORTO RICO DO MARANHÃO	MA
1278	PRESIDENTE DUTRA	MA
1279	PRESIDENTE JUSCELINO	MA
1280	PRESIDENTE MÉDICI	MA
1281	PRESIDENTE SARNEY	MA
1282	PRESIDENTE VARGAS	MA
1283	PRIMEIRA CRUZ	MA
1284	RAPOSA	MA
1285	RIACHÃO	MA
1286	RIBAMAR FIQUENE	MA
1287	ROSÁRIO	MA
1288	SAMBAÍBA	MA
1289	SANTA FILOMENA DO MARANHÃO	MA
1290	SANTA HELENA	MA
1291	SANTA INÊS	MA
1292	SANTA LUZIA	MA
1293	SANTA LUZIA DO PARUÁ	MA
1294	SANTA QUITÉRIA DO MARANHÃO	MA
1295	SANTA RITA	MA
1296	SANTANA DO MARANHÃO	MA
1297	SANTO AMARO DO MARANHÃO	MA
1298	SANTO ANTÔNIO DOS LOPES	MA
1299	SÃO BENEDITO DO RIO PRETO	MA
1300	SÃO BENTO	MA
1301	SÃO BERNARDO	MA
1302	SÃO DOMINGOS DO AZEITÃO	MA
1303	SÃO DOMINGOS DO MARANHÃO	MA
1304	SÃO FÉLIX DE BALSAS	MA
1305	SÃO FRANCISCO DO BREJÃO	MA
1306	SÃO FRANCISCO DO MARANHÃO	MA
1307	SÃO JOÃO BATISTA	MA
1308	SÃO JOÃO DO CARÚ	MA
1309	SÃO JOÃO DO PARAÍSO	MA
1310	SÃO JOÃO DO SOTER	MA
1311	SÃO JOÃO DOS PATOS	MA
1312	SÃO JOSÉ DE RIBAMAR	MA
1313	SÃO JOSÉ DOS BASÍLIOS	MA
1314	SÃO LUÍS	MA
1315	SÃO LUÍS GONZAGA DO MARANHÃO	MA
1316	SÃO MATEUS DO MARANHÃO	MA
1317	SÃO PEDRO DA ÁGUA BRANCA	MA
1318	SÃO PEDRO DOS CRENTES	MA
1319	SÃO RAIMUNDO DAS MANGABEIRAS	MA
1320	SÃO RAIMUNDO DO DOCA BEZERRA	MA
1321	SÃO ROBERTO	MA
1322	SÃO VICENTE FERRER	MA
1323	SATUBINHA	MA
1324	SENADOR ALEXANDRE COSTA	MA
1325	SENADOR LA ROCQUE	MA
1326	SERRANO DO MARANHÃO	MA
1327	SÍTIO NOVO	MA
1328	SUCUPIRA DO NORTE	MA
1329	SUCUPIRA DO RIACHÃO	MA
1330	TASSO FRAGOSO	MA
1331	TIMBIRAS	MA
1332	TIMON	MA
1333	TRIZIDELA DO VALE	MA
1334	TUFILÂNDIA	MA
1335	TUNTUM	MA
1336	TURIAÇU	MA
1337	TURILÂNDIA	MA
1338	TUTÓIA	MA
1339	URBANO SANTOS	MA
1340	VARGEM GRANDE	MA
1341	VIANA	MA
1342	VILA NOVA DOS MARTÍRIOS	MA
1343	VITÓRIA DO MEARIM	MA
1344	VITORINO FREIRE	MA
1345	ZÉ DOCA	MA
1346	ACORIZAL	MT
1347	ÁGUA BOA	MT
1348	ALTA FLORESTA	MT
1349	ALTO ARAGUAIA	MT
1350	ALTO BOA VISTA	MT
1351	ALTO GARÇAS	MT
1352	ALTO PARAGUAI	MT
1353	ALTO TAQUARI	MT
1354	APIACÁS	MT
1355	ARAGUAIANA	MT
1356	ARAGUAINHA	MT
1357	ARAPUTANGA	MT
1358	ARENÁPOLIS	MT
1359	ARIPUANÃ	MT
1360	BARÃO DE MELGAÇO	MT
1361	BARRA DO BUGRES	MT
1362	BARRA DO GARÇAS	MT
1363	BOM JESUS DO ARAGUAIA	MT
1364	BRASNORTE	MT
1365	CÁCERES	MT
1366	CAMPINÁPOLIS	MT
1367	CAMPO NOVO DO PARECIS	MT
1368	CAMPO VERDE	MT
1369	CAMPOS DE JÚLIO	MT
1370	CANABRAVA DO NORTE	MT
1371	CANARANA	MT
1372	CARLINDA	MT
1373	CASTANHEIRA	MT
1374	CHAPADA DOS GUIMARÃES	MT
1375	CLÁUDIA	MT
1376	COCALINHO	MT
1377	COLÍDER	MT
1378	COLNIZA	MT
1379	COMODORO	MT
1380	CONFRESA	MT
1381	CONQUISTA D'OESTE	MT
1382	COTRIGUAÇU	MT
1383	CUIABÁ	MT
1384	CURVELÂNDIA	MT
1385	DENISE	MT
1386	DIAMANTINO	MT
1387	DOM AQUINO	MT
1388	FELIZ NATAL	MT
1389	FIGUEIRÓPOLIS D'OESTE	MT
1390	GAÚCHA DO NORTE	MT
1391	GENERAL CARNEIRO	MT
1392	GLÓRIA D'OESTE	MT
1393	GUARANTÃ DO NORTE	MT
1394	GUIRATINGA	MT
1395	INDIAVAÍ	MT
1396	IPIRANGA DO NORTE	MT
1397	ITANHANGÁ	MT
1398	ITAÚBA	MT
1399	ITIQUIRA	MT
1400	JACIARA	MT
1401	JANGADA	MT
1402	JAURU	MT
1403	JUARA	MT
1404	JUÍNA	MT
1405	JURUENA	MT
1406	JUSCIMEIRA	MT
1407	LAMBARI D'OESTE	MT
1408	LUCAS DO RIO VERDE	MT
1409	LUCIARA	MT
1410	VILA BELA DA SANTÍSSIMA TRINDADE	MT
1411	MARCELÂNDIA	MT
1412	MATUPÁ	MT
1413	MIRASSOL D'OESTE	MT
1414	NOBRES	MT
1415	NORTELÂNDIA	MT
1416	NOSSA SENHORA DO LIVRAMENTO	MT
1417	NOVA BANDEIRANTES	MT
1418	NOVA NAZARÉ	MT
1419	NOVA LACERDA	MT
1420	NOVA SANTA HELENA	MT
1421	NOVA BRASILÂNDIA	MT
1422	NOVA CANAÃ DO NORTE	MT
1423	NOVA MUTUM	MT
1424	NOVA OLÍMPIA	MT
1425	NOVA UBIRATÃ	MT
1426	NOVA XAVANTINA	MT
1427	NOVO MUNDO	MT
1428	NOVO HORIZONTE DO NORTE	MT
1429	NOVO SÃO JOAQUIM	MT
1430	PARANAÍTA	MT
1431	PARANATINGA	MT
1432	NOVO SANTO ANTÔNIO	MT
1433	PEDRA PRETA	MT
1434	PEIXOTO DE AZEVEDO	MT
1435	PLANALTO DA SERRA	MT
1436	POCONÉ	MT
1437	PONTAL DO ARAGUAIA	MT
1438	PONTE BRANCA	MT
1439	PONTES E LACERDA	MT
1440	PORTO ALEGRE DO NORTE	MT
1441	PORTO DOS GAÚCHOS	MT
1442	PORTO ESPERIDIÃO	MT
1443	PORTO ESTRELA	MT
1444	POXORÉO	MT
1445	PRIMAVERA DO LESTE	MT
1446	QUERÊNCIA	MT
1447	SÃO JOSÉ DOS QUATRO MARCOS	MT
1448	RESERVA DO CABAÇAL	MT
1449	RIBEIRÃO CASCALHEIRA	MT
1450	RIBEIRÃOZINHO	MT
1451	RIO BRANCO	MT
1452	SANTA CARMEM	MT
1453	SANTO AFONSO	MT
1454	SÃO JOSÉ DO POVO	MT
1455	SÃO JOSÉ DO RIO CLARO	MT
1456	SÃO JOSÉ DO XINGU	MT
1457	SÃO PEDRO DA CIPA	MT
1458	RONDOLÂNDIA	MT
1459	RONDONÓPOLIS	MT
1460	ROSÁRIO OESTE	MT
1461	SANTA CRUZ DO XINGU	MT
1462	SALTO DO CÉU	MT
1463	SANTA RITA DO TRIVELATO	MT
1464	SANTA TEREZINHA	MT
1465	SANTO ANTÔNIO DO LESTE	MT
1466	SANTO ANTÔNIO DO LEVERGER	MT
1467	SÃO FÉLIX DO ARAGUAIA	MT
1468	SAPEZAL	MT
1469	SERRA NOVA DOURADA	MT
1470	SINOP	MT
1471	SORRISO	MT
1472	TABAPORÃ	MT
1473	TANGARÁ DA SERRA	MT
1474	TAPURAH	MT
1475	TERRA NOVA DO NORTE	MT
1476	TESOURO	MT
1477	TORIXORÉU	MT
1478	UNIÃO DO SUL	MT
1479	VALE DE SÃO DOMINGOS	MT
1480	VÁRZEA GRANDE	MT
1481	VERA	MT
1482	VILA RICA	MT
1483	NOVA GUARITA	MT
1484	NOVA MARILÂNDIA	MT
1485	NOVA MARINGÁ	MT
1486	NOVA MONTE VERDE	MT
1487	ÁGUA CLARA	MS
1488	ALCINÓPOLIS	MS
1489	AMAMBAI	MS
1490	ANASTÁCIO	MS
1491	ANAURILÂNDIA	MS
1492	ANGÉLICA	MS
1493	ANTÔNIO JOÃO	MS
1494	APARECIDA DO TABOADO	MS
1495	AQUIDAUANA	MS
1496	ARAL MOREIRA	MS
1497	BANDEIRANTES	MS
1498	BATAGUASSU	MS
1499	BATAYPORÃ	MS
1500	BELA VISTA	MS
1501	BODOQUENA	MS
1502	BONITO	MS
1503	BRASILÂNDIA	MS
1504	CAARAPÓ	MS
1505	CAMAPUÃ	MS
1506	CAMPO GRANDE	MS
1507	CARACOL	MS
1508	CASSILÂNDIA	MS
1509	CHAPADÃO DO SUL	MS
1510	CORGUINHO	MS
1511	CORONEL SAPUCAIA	MS
1512	CORUMBÁ	MS
1513	COSTA RICA	MS
1514	COXIM	MS
1515	DEODÁPOLIS	MS
1516	DOIS IRMÃOS DO BURITI	MS
1517	DOURADINA	MS
1518	DOURADOS	MS
1519	ELDORADO	MS
1520	FÁTIMA DO SUL	MS
1521	FIGUEIRÃO	MS
1522	GLÓRIA DE DOURADOS	MS
1523	GUIA LOPES DA LAGUNA	MS
1524	IGUATEMI	MS
1525	INOCÊNCIA	MS
1526	ITAPORÃ	MS
1527	ITAQUIRAÍ	MS
1528	IVINHEMA	MS
1529	JAPORÃ	MS
1530	JARAGUARI	MS
1531	JARDIM	MS
1532	JATEÍ	MS
1533	JUTI	MS
1534	LADÁRIO	MS
1535	LAGUNA CARAPÃ	MS
1536	MARACAJU	MS
1537	MIRANDA	MS
1538	MUNDO NOVO	MS
1539	NAVIRAÍ	MS
1540	NIOAQUE	MS
1541	NOVA ALVORADA DO SUL	MS
1542	NOVA ANDRADINA	MS
1543	NOVO HORIZONTE DO SUL	MS
1544	PARANAÍBA	MS
1545	PARANHOS	MS
1546	PEDRO GOMES	MS
1547	PONTA PORÃ	MS
1548	PORTO MURTINHO	MS
1549	RIBAS DO RIO PARDO	MS
1550	RIO BRILHANTE	MS
1551	RIO NEGRO	MS
1552	RIO VERDE DE MATO GROSSO	MS
1553	ROCHEDO	MS
1554	SANTA RITA DO PARDO	MS
1555	SÃO GABRIEL DO OESTE	MS
1556	SETE QUEDAS	MS
1557	SELVÍRIA	MS
1558	SIDROLÂNDIA	MS
1559	SONORA	MS
1560	TACURU	MS
1561	TAQUARUSSU	MS
1562	TERENOS	MS
1563	TRÊS LAGOAS	MS
1564	VICENTINA	MS
1565	ABADIA DOS DOURADOS	MG
1566	ABAETÉ	MG
1567	ABRE CAMPO	MG
1568	ACAIACA	MG
1569	AÇUCENA	MG
1570	ÁGUA BOA	MG
1571	ÁGUA COMPRIDA	MG
1572	AGUANIL	MG
1573	ÁGUAS FORMOSAS	MG
1574	ÁGUAS VERMELHAS	MG
1575	AIMORÉS	MG
1576	AIURUOCA	MG
1577	ALAGOA	MG
1578	ALBERTINA	MG
1579	ALÉM PARAÍBA	MG
1580	ALFENAS	MG
1581	ALFREDO VASCONCELOS	MG
1582	ALMENARA	MG
1583	ALPERCATA	MG
1584	ALPINÓPOLIS	MG
1585	ALTEROSA	MG
1586	ALTO CAPARAÓ	MG
1587	ALTO RIO DOCE	MG
1588	ALVARENGA	MG
1589	ALVINÓPOLIS	MG
1590	ALVORADA DE MINAS	MG
1591	AMPARO DO SERRA	MG
1592	ANDRADAS	MG
1593	CACHOEIRA DE PAJEÚ	MG
1594	ANDRELÂNDIA	MG
1595	ANGELÂNDIA	MG
1596	ANTÔNIO CARLOS	MG
1597	ANTÔNIO DIAS	MG
1598	ANTÔNIO PRADO DE MINAS	MG
1599	ARAÇAÍ	MG
1600	ARACITABA	MG
1601	ARAÇUAÍ	MG
1602	ARAGUARI	MG
1603	ARANTINA	MG
1604	ARAPONGA	MG
1605	ARAPORÃ	MG
1606	ARAPUÁ	MG
1607	ARAÚJOS	MG
1608	ARAXÁ	MG
1609	ARCEBURGO	MG
1610	ARCOS	MG
1611	AREADO	MG
1612	ARGIRITA	MG
1613	ARICANDUVA	MG
1614	ARINOS	MG
1615	ASTOLFO DUTRA	MG
1616	ATALÉIA	MG
1617	AUGUSTO DE LIMA	MG
1618	BAEPENDI	MG
1619	BALDIM	MG
1620	BAMBUÍ	MG
1621	BANDEIRA	MG
1622	BANDEIRA DO SUL	MG
1623	BARÃO DE COCAIS	MG
1624	BARÃO DE MONTE ALTO	MG
1625	BARBACENA	MG
1626	BARRA LONGA	MG
1627	BARROSO	MG
1628	BELA VISTA DE MINAS	MG
1629	BELMIRO BRAGA	MG
1630	BELO HORIZONTE	MG
1631	BELO ORIENTE	MG
1632	BELO VALE	MG
1633	BERILO	MG
1634	BERTÓPOLIS	MG
1635	BERIZAL	MG
1636	BETIM	MG
1637	BIAS FORTES	MG
1638	BICAS	MG
1639	BIQUINHAS	MG
1640	BOA ESPERANÇA	MG
1641	BOCAINA DE MINAS	MG
1642	BOCAIÚVA	MG
1643	BOM DESPACHO	MG
1644	BOM JARDIM DE MINAS	MG
1645	BOM JESUS DA PENHA	MG
1646	BOM JESUS DO AMPARO	MG
1647	BOM JESUS DO GALHO	MG
1648	BOM REPOUSO	MG
1649	BOM SUCESSO	MG
1650	BONFIM	MG
1651	BONFINÓPOLIS DE MINAS	MG
1652	BONITO DE MINAS	MG
1653	BORDA DA MATA	MG
1654	BOTELHOS	MG
1655	BOTUMIRIM	MG
1656	BRASILÂNDIA DE MINAS	MG
1657	BRASÍLIA DE MINAS	MG
1658	BRÁS PIRES	MG
1659	BRAÚNAS	MG
1660	BRASÓPOLIS	MG
1661	BRUMADINHO	MG
1662	BUENO BRANDÃO	MG
1663	BUENÓPOLIS	MG
1664	BUGRE	MG
1665	BURITIS	MG
1666	BURITIZEIRO	MG
1667	CABECEIRA GRANDE	MG
1668	CABO VERDE	MG
1669	CACHOEIRA DA PRATA	MG
1670	CACHOEIRA DE MINAS	MG
1671	CACHOEIRA DOURADA	MG
1672	CAETANÓPOLIS	MG
1673	CAETÉ	MG
1674	CAIANA	MG
1675	CAJURI	MG
1676	CALDAS	MG
1677	CAMACHO	MG
1678	CAMANDUCAIA	MG
1679	CAMBUÍ	MG
1680	CAMBUQUIRA	MG
1681	CAMPANÁRIO	MG
1682	CAMPANHA	MG
1683	CAMPESTRE	MG
1684	CAMPINA VERDE	MG
1685	CAMPO AZUL	MG
1686	CAMPO BELO	MG
1687	CAMPO DO MEIO	MG
1688	CAMPO FLORIDO	MG
1689	CAMPOS ALTOS	MG
1690	CAMPOS GERAIS	MG
1691	CANAÃ	MG
1692	CANÁPOLIS	MG
1693	CANA VERDE	MG
1694	CANDEIAS	MG
1695	CANTAGALO	MG
1696	CAPARAÓ	MG
1697	CAPELA NOVA	MG
1698	CAPELINHA	MG
1699	CAPETINGA	MG
1700	CAPIM BRANCO	MG
1701	CAPINÓPOLIS	MG
1702	CAPITÃO ANDRADE	MG
1703	CAPITÃO ENÉAS	MG
1704	CAPITÓLIO	MG
1705	CAPUTIRA	MG
1706	CARAÍ	MG
1707	CARANAÍBA	MG
1708	CARANDAÍ	MG
1709	CARANGOLA	MG
1710	CARATINGA	MG
1711	CARBONITA	MG
1712	CAREAÇU	MG
1713	CARLOS CHAGAS	MG
1714	CARMÉSIA	MG
1715	CARMO DA CACHOEIRA	MG
1716	CARMO DA MATA	MG
1717	CARMO DE MINAS	MG
1718	CARMO DO CAJURU	MG
1719	CARMO DO PARANAÍBA	MG
1720	CARMO DO RIO CLARO	MG
1721	CARMÓPOLIS DE MINAS	MG
1722	CARNEIRINHO	MG
1723	CARRANCAS	MG
1724	CARVALHÓPOLIS	MG
1725	CARVALHOS	MG
1726	CASA GRANDE	MG
1727	CASCALHO RICO	MG
1728	CÁSSIA	MG
1729	CONCEIÇÃO DA BARRA DE MINAS	MG
1730	CATAGUASES	MG
1731	CATAS ALTAS	MG
1732	CATAS ALTAS DA NORUEGA	MG
1733	CATUJI	MG
1734	CATUTI	MG
1735	CAXAMBU	MG
1736	CEDRO DO ABAETÉ	MG
1737	CENTRAL DE MINAS	MG
1738	CENTRALINA	MG
1739	CHÁCARA	MG
1740	CHALÉ	MG
1741	CHAPADA DO NORTE	MG
1742	CHAPADA GAÚCHA	MG
1743	CHIADOR	MG
1744	CIPOTÂNEA	MG
1745	CLARAVAL	MG
1746	CLARO DOS POÇÕES	MG
1747	CLÁUDIO	MG
1748	COIMBRA	MG
1749	COLUNA	MG
1750	COMENDADOR GOMES	MG
1751	COMERCINHO	MG
1752	CONCEIÇÃO DA APARECIDA	MG
1753	CONCEIÇÃO DAS PEDRAS	MG
1754	CONCEIÇÃO DAS ALAGOAS	MG
1755	CONCEIÇÃO DE IPANEMA	MG
1756	CONCEIÇÃO DO MATO DENTRO	MG
1757	CONCEIÇÃO DO PARÁ	MG
1758	CONCEIÇÃO DO RIO VERDE	MG
1759	CONCEIÇÃO DOS OUROS	MG
1760	CÔNEGO MARINHO	MG
1761	CONFINS	MG
1762	CONGONHAL	MG
1763	CONGONHAS	MG
1764	CONGONHAS DO NORTE	MG
1765	CONQUISTA	MG
1766	CONSELHEIRO LAFAIETE	MG
1767	CONSELHEIRO PENA	MG
1768	CONSOLAÇÃO	MG
1769	CONTAGEM	MG
1770	COQUEIRAL	MG
1771	CORAÇÃO DE JESUS	MG
1772	CORDISBURGO	MG
1773	CORDISLÂNDIA	MG
1774	CORINTO	MG
1775	COROACI	MG
1776	COROMANDEL	MG
1777	CORONEL FABRICIANO	MG
1778	CORONEL MURTA	MG
1779	CORONEL PACHECO	MG
1780	CORONEL XAVIER CHAVES	MG
1781	CÓRREGO DANTA	MG
1782	CÓRREGO DO BOM JESUS	MG
1783	CÓRREGO FUNDO	MG
1784	CÓRREGO NOVO	MG
1785	COUTO DE MAGALHÃES DE MINAS	MG
1786	CRISÓLITA	MG
1787	CRISTAIS	MG
1788	CRISTÁLIA	MG
1789	CRISTIANO OTONI	MG
1790	CRISTINA	MG
1791	CRUCILÂNDIA	MG
1792	CRUZEIRO DA FORTALEZA	MG
1793	CRUZÍLIA	MG
1794	CUPARAQUE	MG
1795	CURRAL DE DENTRO	MG
1796	CURVELO	MG
1797	DATAS	MG
1798	DELFIM MOREIRA	MG
1799	DELFINÓPOLIS	MG
1800	DELTA	MG
1801	DESCOBERTO	MG
1802	DESTERRO DE ENTRE RIOS	MG
1803	DESTERRO DO MELO	MG
1804	DIAMANTINA	MG
1805	DIOGO DE VASCONCELOS	MG
1806	DIONÍSIO	MG
1807	DIVINÉSIA	MG
1808	DIVINO	MG
1809	DIVINO DAS LARANJEIRAS	MG
1810	DIVINOLÂNDIA DE MINAS	MG
1811	DIVINÓPOLIS	MG
1812	DIVISA ALEGRE	MG
1813	DIVISA NOVA	MG
1814	DIVISÓPOLIS	MG
1815	DOM BOSCO	MG
1816	DOM CAVATI	MG
1817	DOM JOAQUIM	MG
1818	DOM SILVÉRIO	MG
1819	DOM VIÇOSO	MG
1820	DONA EUSÉBIA	MG
1821	DORES DE CAMPOS	MG
1822	DORES DE GUANHÃES	MG
1823	DORES DO INDAIÁ	MG
1824	DORES DO TURVO	MG
1825	DORESÓPOLIS	MG
1826	DOURADOQUARA	MG
1827	DURANDÉ	MG
1828	ELÓI MENDES	MG
1829	ENGENHEIRO CALDAS	MG
1830	ENGENHEIRO NAVARRO	MG
1831	ENTRE FOLHAS	MG
1832	ENTRE RIOS DE MINAS	MG
1833	ERVÁLIA	MG
1834	ESMERALDAS	MG
1835	ESPERA FELIZ	MG
1836	ESPINOSA	MG
1837	ESPÍRITO SANTO DO DOURADO	MG
1838	ESTIVA	MG
1839	ESTRELA DALVA	MG
1840	ESTRELA DO INDAIÁ	MG
1841	ESTRELA DO SUL	MG
1842	EUGENÓPOLIS	MG
1843	EWBANK DA CÂMARA	MG
1844	EXTREMA	MG
1845	FAMA	MG
1846	FARIA LEMOS	MG
1847	FELÍCIO DOS SANTOS	MG
1848	SÃO GONÇALO DO RIO PRETO	MG
1849	FELISBURGO	MG
1850	FELIXLÂNDIA	MG
1851	FERNANDES TOURINHO	MG
1852	FERROS	MG
1853	FERVEDOURO	MG
1854	FLORESTAL	MG
1855	FORMIGA	MG
1856	FORMOSO	MG
1857	FORTALEZA DE MINAS	MG
1858	FORTUNA DE MINAS	MG
1859	FRANCISCO BADARÓ	MG
1860	FRANCISCO DUMONT	MG
1861	FRANCISCO SÁ	MG
1862	FRANCISCÓPOLIS	MG
1863	FREI GASPAR	MG
1864	FREI INOCÊNCIO	MG
1865	FREI LAGONEGRO	MG
1866	FRONTEIRA	MG
1867	FRONTEIRA DOS VALES	MG
1868	FRUTA DE LEITE	MG
1869	FRUTAL	MG
1870	FUNILÂNDIA	MG
1871	GALILÉIA	MG
1872	GAMELEIRAS	MG
1873	GLAUCILÂNDIA	MG
1874	GOIABEIRA	MG
1875	GOIANÁ	MG
1876	GONÇALVES	MG
1877	GONZAGA	MG
1878	GOUVEIA	MG
1879	GOVERNADOR VALADARES	MG
1880	GRÃO MOGOL	MG
1881	GRUPIARA	MG
1882	GUANHÃES	MG
1883	GUAPÉ	MG
1884	GUARACIABA	MG
1885	GUARACIAMA	MG
1886	GUARANÉSIA	MG
1887	GUARANI	MG
1888	GUARARÁ	MG
1889	GUARDA-MOR	MG
1890	GUAXUPÉ	MG
1891	GUIDOVAL	MG
1892	GUIMARÂNIA	MG
1893	GUIRICEMA	MG
1894	GURINHATÃ	MG
1895	HELIODORA	MG
1896	IAPU	MG
1897	IBERTIOGA	MG
1898	IBIÁ	MG
1899	IBIAÍ	MG
1900	IBIRACATU	MG
1901	IBIRACI	MG
1902	IBIRITÉ	MG
1903	IBITIÚRA DE MINAS	MG
1904	IBITURUNA	MG
1905	ICARAÍ DE MINAS	MG
1906	IGARAPÉ	MG
1907	IGARATINGA	MG
1908	IGUATAMA	MG
1909	IJACI	MG
1910	ILICÍNEA	MG
1911	IMBÉ DE MINAS	MG
1912	INCONFIDENTES	MG
1913	INDAIABIRA	MG
1914	INDIANÓPOLIS	MG
1915	INGAÍ	MG
1916	INHAPIM	MG
1917	INHAÚMA	MG
1918	INIMUTABA	MG
1919	IPABA	MG
1920	IPANEMA	MG
1921	IPATINGA	MG
1922	IPIAÇU	MG
1923	IPUIÚNA	MG
1924	IRAÍ DE MINAS	MG
1925	ITABIRA	MG
1926	ITABIRINHA	MG
1927	ITABIRITO	MG
1928	ITACAMBIRA	MG
1929	ITACARAMBI	MG
1930	ITAGUARA	MG
1931	ITAIPÉ	MG
1932	ITAJUBÁ	MG
1933	ITAMARANDIBA	MG
1934	ITAMARATI DE MINAS	MG
1935	ITAMBACURI	MG
1936	ITAMBÉ DO MATO DENTRO	MG
1937	ITAMOGI	MG
1938	ITAMONTE	MG
1939	ITANHANDU	MG
1940	ITANHOMI	MG
1941	ITAOBIM	MG
1942	ITAPAGIPE	MG
1943	ITAPECERICA	MG
1944	ITAPEVA	MG
1945	ITATIAIUÇU	MG
1946	ITAÚ DE MINAS	MG
1947	ITAÚNA	MG
1948	ITAVERAVA	MG
1949	ITINGA	MG
1950	ITUETA	MG
1951	ITUIUTABA	MG
1952	ITUMIRIM	MG
1953	ITURAMA	MG
1954	ITUTINGA	MG
1955	JABOTICATUBAS	MG
1956	JACINTO	MG
1957	JACUÍ	MG
1958	JACUTINGA	MG
1959	JAGUARAÇU	MG
1960	JAÍBA	MG
1961	JAMPRUCA	MG
1962	JANAÚBA	MG
1963	JANUÁRIA	MG
1964	JAPARAÍBA	MG
1965	JAPONVAR	MG
1966	JECEABA	MG
1967	JENIPAPO DE MINAS	MG
1968	JEQUERI	MG
1969	JEQUITAÍ	MG
1970	JEQUITIBÁ	MG
1971	JEQUITINHONHA	MG
1972	JESUÂNIA	MG
1973	JOAÍMA	MG
1974	JOANÉSIA	MG
1975	JOÃO MONLEVADE	MG
1976	JOÃO PINHEIRO	MG
1977	JOAQUIM FELÍCIO	MG
1978	JORDÂNIA	MG
1979	JOSÉ GONÇALVES DE MINAS	MG
1980	JOSÉ RAYDAN	MG
1981	JOSENÓPOLIS	MG
1982	NOVA UNIÃO	MG
1983	JUATUBA	MG
1984	JUIZ DE FORA	MG
1985	JURAMENTO	MG
1986	JURUAIA	MG
1987	JUVENÍLIA	MG
1988	LADAINHA	MG
1989	LAGAMAR	MG
1990	LAGOA DA PRATA	MG
1991	LAGOA DOS PATOS	MG
1992	LAGOA DOURADA	MG
1993	LAGOA FORMOSA	MG
1994	LAGOA GRANDE	MG
1995	LAGOA SANTA	MG
1996	LAJINHA	MG
1997	LAMBARI	MG
1998	LAMIM	MG
1999	LARANJAL	MG
2000	LASSANCE	MG
2001	LAVRAS	MG
2002	LEANDRO FERREIRA	MG
2003	LEME DO PRADO	MG
2004	LEOPOLDINA	MG
2005	LIBERDADE	MG
2006	LIMA DUARTE	MG
2007	LIMEIRA DO OESTE	MG
2008	LONTRA	MG
2009	LUISBURGO	MG
2010	LUISLÂNDIA	MG
2011	LUMINÁRIAS	MG
2012	LUZ	MG
2013	MACHACALIS	MG
2014	MACHADO	MG
2015	MADRE DE DEUS DE MINAS	MG
2016	MALACACHETA	MG
2017	MAMONAS	MG
2018	MANGA	MG
2019	MANHUAÇU	MG
2020	MANHUMIRIM	MG
2021	MANTENA	MG
2022	MARAVILHAS	MG
2023	MAR DE ESPANHA	MG
2024	MARIA DA FÉ	MG
2025	MARIANA	MG
2026	MARILAC	MG
2027	MÁRIO CAMPOS	MG
2028	MARIPÁ DE MINAS	MG
2029	MARLIÉRIA	MG
2030	MARMELÓPOLIS	MG
2031	MARTINHO CAMPOS	MG
2032	MARTINS SOARES	MG
2033	MATA VERDE	MG
2034	MATERLÂNDIA	MG
2035	MATEUS LEME	MG
2036	MATIAS BARBOSA	MG
2037	MATIAS CARDOSO	MG
2038	MATIPÓ	MG
2039	MATO VERDE	MG
2040	MATOZINHOS	MG
2041	MATUTINA	MG
2042	MEDEIROS	MG
2043	MEDINA	MG
2044	MENDES PIMENTEL	MG
2045	MERCÊS	MG
2046	MESQUITA	MG
2047	MINAS NOVAS	MG
2048	MINDURI	MG
2049	MIRABELA	MG
2050	MIRADOURO	MG
2051	MIRAÍ	MG
2052	MIRAVÂNIA	MG
2053	MOEDA	MG
2054	MOEMA	MG
2055	MONJOLOS	MG
2056	MONSENHOR PAULO	MG
2057	MONTALVÂNIA	MG
2058	MONTE ALEGRE DE MINAS	MG
2059	MONTE AZUL	MG
2060	MONTE BELO	MG
2061	MONTE CARMELO	MG
2062	MONTE FORMOSO	MG
2063	MONTE SANTO DE MINAS	MG
2064	MONTES CLAROS	MG
2065	MONTE SIÃO	MG
2066	MONTEZUMA	MG
2067	MORADA NOVA DE MINAS	MG
2068	MORRO DA GARÇA	MG
2069	MORRO DO PILAR	MG
2070	MUNHOZ	MG
2071	MURIAÉ	MG
2072	MUTUM	MG
2073	MUZAMBINHO	MG
2074	NACIP RAYDAN	MG
2075	NANUQUE	MG
2076	NAQUE	MG
2077	NATALÂNDIA	MG
2078	NATÉRCIA	MG
2079	NAZARENO	MG
2080	NEPOMUCENO	MG
2081	NINHEIRA	MG
2082	NOVA BELÉM	MG
2083	NOVA ERA	MG
2084	NOVA LIMA	MG
2085	NOVA MÓDICA	MG
2086	NOVA PONTE	MG
2087	NOVA PORTEIRINHA	MG
2088	NOVA RESENDE	MG
2089	NOVA SERRANA	MG
2090	NOVO CRUZEIRO	MG
2091	NOVO ORIENTE DE MINAS	MG
2092	NOVORIZONTE	MG
2093	OLARIA	MG
2094	OLHOS-D'ÁGUA	MG
2095	OLÍMPIO NORONHA	MG
2096	OLIVEIRA	MG
2097	OLIVEIRA FORTES	MG
2098	ONÇA DE PITANGUI	MG
2099	ORATÓRIOS	MG
2100	ORIZÂNIA	MG
2101	OURO BRANCO	MG
2102	OURO FINO	MG
2103	OURO PRETO	MG
2104	OURO VERDE DE MINAS	MG
2105	PADRE CARVALHO	MG
2106	PADRE PARAÍSO	MG
2107	PAINEIRAS	MG
2108	PAINS	MG
2109	PAI PEDRO	MG
2110	PAIVA	MG
2111	PALMA	MG
2112	PALMÓPOLIS	MG
2113	PAPAGAIOS	MG
2114	PARACATU	MG
2115	PARÁ DE MINAS	MG
2116	PARAGUAÇU	MG
2117	PARAISÓPOLIS	MG
2118	PARAOPEBA	MG
2119	PASSABÉM	MG
2120	PASSA QUATRO	MG
2121	PASSA TEMPO	MG
2122	PASSA-VINTE	MG
2123	PASSOS	MG
2124	PATIS	MG
2125	PATOS DE MINAS	MG
2126	PATROCÍNIO	MG
2127	PATROCÍNIO DO MURIAÉ	MG
2128	PAULA CÂNDIDO	MG
2129	PAULISTAS	MG
2130	PAVÃO	MG
2131	PEÇANHA	MG
2132	PEDRA AZUL	MG
2133	PEDRA BONITA	MG
2134	PEDRA DO ANTA	MG
2135	PEDRA DO INDAIÁ	MG
2136	PEDRA DOURADA	MG
2137	PEDRALVA	MG
2138	PEDRAS DE MARIA DA CRUZ	MG
2139	PEDRINÓPOLIS	MG
2140	PEDRO LEOPOLDO	MG
2141	PEDRO TEIXEIRA	MG
2142	PEQUERI	MG
2143	PEQUI	MG
2144	PERDIGÃO	MG
2145	PERDIZES	MG
2146	PERDÕES	MG
2147	PERIQUITO	MG
2148	PESCADOR	MG
2149	PIAU	MG
2150	PIEDADE DE CARATINGA	MG
2151	PIEDADE DE PONTE NOVA	MG
2152	PIEDADE DO RIO GRANDE	MG
2153	PIEDADE DOS GERAIS	MG
2154	PIMENTA	MG
2155	PINGO-D'ÁGUA	MG
2156	PINTÓPOLIS	MG
2157	PIRACEMA	MG
2158	PIRAJUBA	MG
2159	PIRANGA	MG
2160	PIRANGUÇU	MG
2161	PIRANGUINHO	MG
2162	PIRAPETINGA	MG
2163	PIRAPORA	MG
2164	PIRAÚBA	MG
2165	PITANGUI	MG
2166	PIUMHI	MG
2167	PLANURA	MG
2168	POÇO FUNDO	MG
2169	POÇOS DE CALDAS	MG
2170	POCRANE	MG
2171	POMPÉU	MG
2172	PONTE NOVA	MG
2173	PONTO CHIQUE	MG
2174	PONTO DOS VOLANTES	MG
2175	PORTEIRINHA	MG
2176	PORTO FIRME	MG
2177	POTÉ	MG
2178	POUSO ALEGRE	MG
2179	POUSO ALTO	MG
2180	PRADOS	MG
2181	PRATA	MG
2182	PRATÁPOLIS	MG
2183	PRATINHA	MG
2184	PRESIDENTE BERNARDES	MG
2185	PRESIDENTE JUSCELINO	MG
2186	PRESIDENTE KUBITSCHEK	MG
2187	PRESIDENTE OLEGÁRIO	MG
2188	ALTO JEQUITIBÁ	MG
2189	PRUDENTE DE MORAIS	MG
2190	QUARTEL GERAL	MG
2191	QUELUZITO	MG
2192	RAPOSOS	MG
2193	RAUL SOARES	MG
2194	RECREIO	MG
2195	REDUTO	MG
2196	RESENDE COSTA	MG
2197	RESPLENDOR	MG
2198	RESSAQUINHA	MG
2199	RIACHINHO	MG
2200	RIACHO DOS MACHADOS	MG
2201	RIBEIRÃO DAS NEVES	MG
2202	RIBEIRÃO VERMELHO	MG
2203	RIO ACIMA	MG
2204	RIO CASCA	MG
2205	RIO DOCE	MG
2206	RIO DO PRADO	MG
2207	RIO ESPERA	MG
2208	RIO MANSO	MG
2209	RIO NOVO	MG
2210	RIO PARANAÍBA	MG
2211	RIO PARDO DE MINAS	MG
2212	RIO PIRACICABA	MG
2213	RIO POMBA	MG
2214	RIO PRETO	MG
2215	RIO VERMELHO	MG
2216	RITÁPOLIS	MG
2217	ROCHEDO DE MINAS	MG
2218	RODEIRO	MG
2219	ROMARIA	MG
2220	ROSÁRIO DA LIMEIRA	MG
2221	RUBELITA	MG
2222	RUBIM	MG
2223	SABARÁ	MG
2224	SABINÓPOLIS	MG
2225	SACRAMENTO	MG
2226	SALINAS	MG
2227	SALTO DA DIVISA	MG
2228	SANTA BÁRBARA	MG
2229	SANTA BÁRBARA DO LESTE	MG
2230	SANTA BÁRBARA DO MONTE VERDE	MG
2231	SANTA BÁRBARA DO TUGÚRIO	MG
2232	SANTA CRUZ DE MINAS	MG
2233	SANTA CRUZ DE SALINAS	MG
2234	SANTA CRUZ DO ESCALVADO	MG
2235	SANTA EFIGÊNIA DE MINAS	MG
2236	SANTA FÉ DE MINAS	MG
2237	SANTA HELENA DE MINAS	MG
2238	SANTA JULIANA	MG
2239	SANTA LUZIA	MG
2240	SANTA MARGARIDA	MG
2241	SANTA MARIA DE ITABIRA	MG
2242	SANTA MARIA DO SALTO	MG
2243	SANTA MARIA DO SUAÇUÍ	MG
2244	SANTANA DA VARGEM	MG
2245	SANTANA DE CATAGUASES	MG
2246	SANTANA DE PIRAPAMA	MG
2247	SANTANA DO DESERTO	MG
2248	SANTANA DO GARAMBÉU	MG
2249	SANTANA DO JACARÉ	MG
2250	SANTANA DO MANHUAÇU	MG
2251	SANTANA DO PARAÍSO	MG
2252	SANTANA DO RIACHO	MG
2253	SANTANA DOS MONTES	MG
2254	SANTA RITA DE CALDAS	MG
2255	SANTA RITA DE JACUTINGA	MG
2256	SANTA RITA DE MINAS	MG
2257	SANTA RITA DE IBITIPOCA	MG
2258	SANTA RITA DO ITUETO	MG
2259	SANTA RITA DO SAPUCAÍ	MG
2260	SANTA ROSA DA SERRA	MG
2261	SANTA VITÓRIA	MG
2262	SANTO ANTÔNIO DO AMPARO	MG
2263	SANTO ANTÔNIO DO AVENTUREIRO	MG
2264	SANTO ANTÔNIO DO GRAMA	MG
2265	SANTO ANTÔNIO DO ITAMBÉ	MG
2266	SANTO ANTÔNIO DO JACINTO	MG
2267	SANTO ANTÔNIO DO MONTE	MG
2268	SANTO ANTÔNIO DO RETIRO	MG
2269	SANTO ANTÔNIO DO RIO ABAIXO	MG
2270	SANTO HIPÓLITO	MG
2271	SANTOS DUMONT	MG
2272	SÃO BENTO ABADE	MG
2273	SÃO BRÁS DO SUAÇUÍ	MG
2274	SÃO DOMINGOS DAS DORES	MG
2275	SÃO DOMINGOS DO PRATA	MG
2276	SÃO FÉLIX DE MINAS	MG
2277	SÃO FRANCISCO	MG
2278	SÃO FRANCISCO DE PAULA	MG
2279	SÃO FRANCISCO DE SALES	MG
2280	SÃO FRANCISCO DO GLÓRIA	MG
2281	SÃO GERALDO	MG
2282	SÃO GERALDO DA PIEDADE	MG
2283	SÃO GERALDO DO BAIXIO	MG
2284	SÃO GONÇALO DO ABAETÉ	MG
2285	SÃO GONÇALO DO PARÁ	MG
2286	SÃO GONÇALO DO RIO ABAIXO	MG
2287	SÃO GONÇALO DO SAPUCAÍ	MG
2288	SÃO GOTARDO	MG
2289	SÃO JOÃO BATISTA DO GLÓRIA	MG
2290	SÃO JOÃO DA LAGOA	MG
2291	SÃO JOÃO DA MATA	MG
2292	SÃO JOÃO DA PONTE	MG
2293	SÃO JOÃO DAS MISSÕES	MG
2294	SÃO JOÃO DEL REI	MG
2295	SÃO JOÃO DO MANHUAÇU	MG
2296	SÃO JOÃO DO MANTENINHA	MG
2297	SÃO JOÃO DO ORIENTE	MG
2298	SÃO JOÃO DO PACUÍ	MG
2299	SÃO JOÃO DO PARAÍSO	MG
2300	SÃO JOÃO EVANGELISTA	MG
2301	SÃO JOÃO NEPOMUCENO	MG
2302	SÃO JOAQUIM DE BICAS	MG
2303	SÃO JOSÉ DA BARRA	MG
2304	SÃO JOSÉ DA LAPA	MG
2305	SÃO JOSÉ DA SAFIRA	MG
2306	SÃO JOSÉ DA VARGINHA	MG
2307	SÃO JOSÉ DO ALEGRE	MG
2308	SÃO JOSÉ DO DIVINO	MG
2309	SÃO JOSÉ DO GOIABAL	MG
2310	SÃO JOSÉ DO JACURI	MG
2311	SÃO JOSÉ DO MANTIMENTO	MG
2312	SÃO LOURENÇO	MG
2313	SÃO MIGUEL DO ANTA	MG
2314	SÃO PEDRO DA UNIÃO	MG
2315	SÃO PEDRO DOS FERROS	MG
2316	SÃO PEDRO DO SUAÇUÍ	MG
2317	SÃO ROMÃO	MG
2318	SÃO ROQUE DE MINAS	MG
2319	SÃO SEBASTIÃO DA BELA VISTA	MG
2320	SÃO SEBASTIÃO DA VARGEM ALEGRE	MG
2321	SÃO SEBASTIÃO DO ANTA	MG
2322	SÃO SEBASTIÃO DO MARANHÃO	MG
2323	SÃO SEBASTIÃO DO OESTE	MG
2324	SÃO SEBASTIÃO DO PARAÍSO	MG
2325	SÃO SEBASTIÃO DO RIO PRETO	MG
2326	SÃO SEBASTIÃO DO RIO VERDE	MG
2327	SÃO TIAGO	MG
2328	SÃO TOMÁS DE AQUINO	MG
2329	SÃO THOMÉ DAS LETRAS	MG
2330	SÃO VICENTE DE MINAS	MG
2331	SAPUCAÍ-MIRIM	MG
2332	SARDOÁ	MG
2333	SARZEDO	MG
2334	SETUBINHA	MG
2335	SEM-PEIXE	MG
2336	SENADOR AMARAL	MG
2337	SENADOR CORTES	MG
2338	SENADOR FIRMINO	MG
2339	SENADOR JOSÉ BENTO	MG
2340	SENADOR MODESTINO GONÇALVES	MG
2341	SENHORA DE OLIVEIRA	MG
2342	SENHORA DO PORTO	MG
2343	SENHORA DOS REMÉDIOS	MG
2344	SERICITA	MG
2345	SERITINGA	MG
2346	SERRA AZUL DE MINAS	MG
2347	SERRA DA SAUDADE	MG
2348	SERRA DOS AIMORÉS	MG
2349	SERRA DO SALITRE	MG
2350	SERRANIA	MG
2351	SERRANÓPOLIS DE MINAS	MG
2352	SERRANOS	MG
2353	SERRO	MG
2354	SETE LAGOAS	MG
2355	SILVEIRÂNIA	MG
2356	SILVIANÓPOLIS	MG
2357	SIMÃO PEREIRA	MG
2358	SIMONÉSIA	MG
2359	SOBRÁLIA	MG
2360	SOLEDADE DE MINAS	MG
2361	TABULEIRO	MG
2362	TAIOBEIRAS	MG
2363	TAPARUBA	MG
2364	TAPIRA	MG
2365	TAPIRAÍ	MG
2366	TAQUARAÇU DE MINAS	MG
2367	TARUMIRIM	MG
2368	TEIXEIRAS	MG
2369	TEÓFILO OTONI	MG
2370	TIMÓTEO	MG
2371	TIRADENTES	MG
2372	TIROS	MG
2373	TOCANTINS	MG
2374	TOCOS DO MOJI	MG
2375	TOLEDO	MG
2376	TOMBOS	MG
2377	TRÊS CORAÇÕES	MG
2378	TRÊS MARIAS	MG
2379	TRÊS PONTAS	MG
2380	TUMIRITINGA	MG
2381	TUPACIGUARA	MG
2382	TURMALINA	MG
2383	TURVOLÂNDIA	MG
2385	UBAÍ	MG
2386	UBAPORANGA	MG
2387	UBERABA	MG
2388	UBERLÂNDIA	MG
2389	UMBURATIBA	MG
2390	UNAÍ	MG
2391	UNIÃO DE MINAS	MG
2392	URUANA DE MINAS	MG
2393	URUCÂNIA	MG
2394	URUCUIA	MG
2395	VARGEM ALEGRE	MG
2396	VARGEM BONITA	MG
2397	VARGEM GRANDE DO RIO PARDO	MG
2398	VARGINHA	MG
2399	VARJÃO DE MINAS	MG
2400	VÁRZEA DA PALMA	MG
2401	VARZELÂNDIA	MG
2402	VAZANTE	MG
2403	VERDELÂNDIA	MG
2404	VEREDINHA	MG
2405	VERÍSSIMO	MG
2406	VERMELHO NOVO	MG
2407	VESPASIANO	MG
2408	VIÇOSA	MG
2409	VIEIRAS	MG
2410	MATHIAS LOBATO	MG
2411	VIRGEM DA LAPA	MG
2412	VIRGÍNIA	MG
2413	VIRGINÓPOLIS	MG
2414	VIRGOLÂNDIA	MG
2415	VISCONDE DO RIO BRANCO	MG
2416	VOLTA GRANDE	MG
2417	WENCESLAU BRAZ	MG
2418	ABAETETUBA	PA
2419	ABEL FIGUEIREDO	PA
2420	ACARÁ	PA
2421	AFUÁ	PA
2422	ÁGUA AZUL DO NORTE	PA
2423	ALENQUER	PA
2424	ALMEIRIM	PA
2425	ALTAMIRA	PA
2426	ANAJÁS	PA
2427	ANANINDEUA	PA
2428	ANAPU	PA
2429	AUGUSTO CORRÊA	PA
2430	AURORA DO PARÁ	PA
2431	AVEIRO	PA
2432	BAGRE	PA
2433	BAIÃO	PA
2434	BANNACH	PA
2435	BARCARENA	PA
2436	BELÉM	PA
2437	BELTERRA	PA
2438	BENEVIDES	PA
2439	BOM JESUS DO TOCANTINS	PA
2440	BONITO	PA
2441	BRAGANÇA	PA
2442	BRASIL NOVO	PA
2443	BREJO GRANDE DO ARAGUAIA	PA
2444	BREU BRANCO	PA
2445	BREVES	PA
2446	BUJARU	PA
2447	CACHOEIRA DO PIRIÁ	PA
2448	CACHOEIRA DO ARARI	PA
2449	CAMETÁ	PA
2450	CANAÃ DOS CARAJÁS	PA
2451	CAPANEMA	PA
2452	CAPITÃO POÇO	PA
2453	CASTANHAL	PA
2454	CHAVES	PA
2455	COLARES	PA
2456	CONCEIÇÃO DO ARAGUAIA	PA
2457	CONCÓRDIA DO PARÁ	PA
2458	CUMARU DO NORTE	PA
2459	CURIONÓPOLIS	PA
2460	CURRALINHO	PA
2461	CURUÁ	PA
2462	CURUÇÁ	PA
2463	DOM ELISEU	PA
2464	ELDORADO DOS CARAJÁS	PA
2465	FARO	PA
2466	FLORESTA DO ARAGUAIA	PA
2467	GARRAFÃO DO NORTE	PA
2468	GOIANÉSIA DO PARÁ	PA
2469	GURUPÁ	PA
2470	IGARAPÉ-AÇU	PA
2471	IGARAPÉ-MIRI	PA
2472	INHANGAPI	PA
2473	IPIXUNA DO PARÁ	PA
2474	IRITUIA	PA
2475	ITAITUBA	PA
2476	ITUPIRANGA	PA
2477	JACAREACANGA	PA
2478	JACUNDÁ	PA
2479	JURUTI	PA
2480	LIMOEIRO DO AJURU	PA
2481	MÃE DO RIO	PA
2482	MAGALHÃES BARATA	PA
2483	MARABÁ	PA
2484	MARACANÃ	PA
2485	MARAPANIM	PA
2486	MARITUBA	PA
2487	MEDICILÂNDIA	PA
2488	MELGAÇO	PA
2489	MOCAJUBA	PA
2490	MOJU	PA
2491	MONTE ALEGRE	PA
2492	MUANÁ	PA
2493	NOVA ESPERANÇA DO PIRIÁ	PA
2494	NOVA IPIXUNA	PA
2495	NOVA TIMBOTEUA	PA
2496	NOVO PROGRESSO	PA
2497	NOVO REPARTIMENTO	PA
2498	ÓBIDOS	PA
2499	OEIRAS DO PARÁ	PA
2500	ORIXIMINÁ	PA
2501	OURÉM	PA
2502	OURILÂNDIA DO NORTE	PA
2503	PACAJÁ	PA
2504	PALESTINA DO PARÁ	PA
2505	PARAGOMINAS	PA
2506	PARAUAPEBAS	PA
2507	PAU D'ARCO	PA
2508	PEIXE-BOI	PA
2509	PIÇARRA	PA
2510	PLACAS	PA
2511	PONTA DE PEDRAS	PA
2512	PORTEL	PA
2513	PORTO DE MOZ	PA
2514	PRAINHA	PA
2515	PRIMAVERA	PA
2516	QUATIPURU	PA
2517	REDENÇÃO	PA
2518	RIO MARIA	PA
2519	RONDON DO PARÁ	PA
2520	RURÓPOLIS	PA
2521	SALINÓPOLIS	PA
2522	SALVATERRA	PA
2523	SANTA BÁRBARA DO PARÁ	PA
2524	SANTA CRUZ DO ARARI	PA
2525	SANTA ISABEL DO PARÁ	PA
2526	SANTA LUZIA DO PARÁ	PA
2527	SANTA MARIA DAS BARREIRAS	PA
2528	SANTA MARIA DO PARÁ	PA
2529	SANTANA DO ARAGUAIA	PA
2530	SANTARÉM	PA
2531	SANTARÉM NOVO	PA
2532	SANTO ANTÔNIO DO TAUÁ	PA
2533	SÃO CAETANO DE ODIVELAS	PA
2534	SÃO DOMINGOS DO ARAGUAIA	PA
2535	SÃO DOMINGOS DO CAPIM	PA
2536	SÃO FÉLIX DO XINGU	PA
2537	SÃO FRANCISCO DO PARÁ	PA
2538	SÃO GERALDO DO ARAGUAIA	PA
2539	SÃO JOÃO DA PONTA	PA
2540	SÃO JOÃO DE PIRABAS	PA
2541	SÃO JOÃO DO ARAGUAIA	PA
2542	SÃO MIGUEL DO GUAMÁ	PA
2543	SÃO SEBASTIÃO DA BOA VISTA	PA
2544	SAPUCAIA	PA
2545	SENADOR JOSÉ PORFÍRIO	PA
2546	SOURE	PA
2547	TAILÂNDIA	PA
2548	TERRA ALTA	PA
2549	TERRA SANTA	PA
2550	TOMÉ-AÇU	PA
2551	TRACUATEUA	PA
2552	TRAIRÃO	PA
2553	TUCUMÃ	PA
2554	TUCURUÍ	PA
2555	ULIANÓPOLIS	PA
2556	URUARÁ	PA
2557	VIGIA	PA
2558	VISEU	PA
2559	VITÓRIA DO XINGU	PA
2560	XINGUARA	PA
2561	ÁGUA BRANCA	PB
2562	AGUIAR	PB
2563	ALAGOA GRANDE	PB
2564	ALAGOA NOVA	PB
2565	ALAGOINHA	PB
2566	ALCANTIL	PB
2567	ALGODÃO DE JANDAÍRA	PB
2568	ALHANDRA	PB
2569	SÃO JOÃO DO RIO DO PEIXE	PB
2570	AMPARO	PB
2571	APARECIDA	PB
2572	ARAÇAGI	PB
2573	ARARA	PB
2574	ARARUNA	PB
2575	AREIA	PB
2576	AREIA DE BARAÚNAS	PB
2577	AREIAL	PB
2578	AROEIRAS	PB
2579	ASSUNÇÃO	PB
2580	BAÍA DA TRAIÇÃO	PB
2581	BANANEIRAS	PB
2582	BARAÚNA	PB
2583	BARRA DE SANTANA	PB
2584	BARRA DE SANTA ROSA	PB
2585	BARRA DE SÃO MIGUEL	PB
2586	BAYEUX	PB
2587	BELÉM	PB
2588	BELÉM DO BREJO DO CRUZ	PB
2589	BERNARDINO BATISTA	PB
2590	BOA VENTURA	PB
2591	BOA VISTA	PB
2592	BOM JESUS	PB
2593	BOM SUCESSO	PB
2594	BONITO DE SANTA FÉ	PB
2595	BOQUEIRÃO	PB
2596	IGARACY	PB
2597	BORBOREMA	PB
2598	BREJO DO CRUZ	PB
2599	BREJO DOS SANTOS	PB
2600	CAAPORÃ	PB
2601	CABACEIRAS	PB
2602	CABEDELO	PB
2603	CACHOEIRA DOS ÍNDIOS	PB
2604	CACIMBA DE AREIA	PB
2605	CACIMBA DE DENTRO	PB
2606	CACIMBAS	PB
2607	CAIÇARA	PB
2608	CAJAZEIRAS	PB
2609	CAJAZEIRINHAS	PB
2610	CALDAS BRANDÃO	PB
2611	CAMALAÚ	PB
2612	CAMPINA GRANDE	PB
2613	CAPIM	PB
2614	CARAÚBAS	PB
2615	CARRAPATEIRA	PB
2616	CASSERENGUE	PB
2617	CATINGUEIRA	PB
2618	CATOLÉ DO ROCHA	PB
2619	CATURITÉ	PB
2620	CONCEIÇÃO	PB
2621	CONDADO	PB
2622	CONDE	PB
2623	CONGO	PB
2624	COREMAS	PB
2625	COXIXOLA	PB
2626	CRUZ DO ESPÍRITO SANTO	PB
2627	CUBATI	PB
2628	CUITÉ	PB
2629	CUITEGI	PB
2630	CUITÉ DE MAMANGUAPE	PB
2631	CURRAL DE CIMA	PB
2632	CURRAL VELHO	PB
2633	DAMIÃO	PB
2634	DESTERRO	PB
2635	VISTA SERRANA	PB
2636	DIAMANTE	PB
2637	DONA INÊS	PB
2638	DUAS ESTRADAS	PB
2639	EMAS	PB
2640	ESPERANÇA	PB
2641	FAGUNDES	PB
2642	FREI MARTINHO	PB
2643	GADO BRAVO	PB
2644	GUARABIRA	PB
2645	GURINHÉM	PB
2646	GURJÃO	PB
2647	IBIARA	PB
2648	IMACULADA	PB
2649	INGÁ	PB
2650	ITABAIANA	PB
2651	ITAPORANGA	PB
2652	ITAPOROROCA	PB
2653	ITATUBA	PB
2654	JACARAÚ	PB
2655	JERICÓ	PB
2656	JOÃO PESSOA	PB
2657	JUAREZ TÁVORA	PB
2658	JUAZEIRINHO	PB
2659	JUNCO DO SERIDÓ	PB
2660	JURIPIRANGA	PB
2661	JURU	PB
2662	LAGOA	PB
2663	LAGOA DE DENTRO	PB
2664	LAGOA SECA	PB
2665	LASTRO	PB
2666	LIVRAMENTO	PB
2667	LOGRADOURO	PB
2668	LUCENA	PB
2669	MÃE D'ÁGUA	PB
2670	MALTA	PB
2671	MAMANGUAPE	PB
2672	MANAÍRA	PB
2673	MARCAÇÃO	PB
2674	MARI	PB
2675	MARIZÓPOLIS	PB
2676	MASSARANDUBA	PB
2677	MATARACA	PB
2678	MATINHAS	PB
2679	MATO GROSSO	PB
2680	MATURÉIA	PB
2681	MOGEIRO	PB
2682	MONTADAS	PB
2683	MONTE HOREBE	PB
2684	MONTEIRO	PB
2685	MULUNGU	PB
2686	NATUBA	PB
2687	NAZAREZINHO	PB
2688	NOVA FLORESTA	PB
2689	NOVA OLINDA	PB
2690	NOVA PALMEIRA	PB
2691	OLHO D'ÁGUA	PB
2692	OLIVEDOS	PB
2693	OURO VELHO	PB
2694	PARARI	PB
2695	PASSAGEM	PB
2696	PATOS	PB
2697	PAULISTA	PB
2698	PEDRA BRANCA	PB
2699	PEDRA LAVRADA	PB
2700	PEDRAS DE FOGO	PB
2701	PIANCÓ	PB
2702	PICUÍ	PB
2703	PILAR	PB
2704	PILÕES	PB
2705	PILÕEZINHOS	PB
2706	PIRPIRITUBA	PB
2707	PITIMBU	PB
2708	POCINHOS	PB
2709	POÇO DANTAS	PB
2710	POÇO DE JOSÉ DE MOURA	PB
2711	POMBAL	PB
2712	PRATA	PB
2713	PRINCESA ISABEL	PB
2714	PUXINANÃ	PB
2715	QUEIMADAS	PB
2716	QUIXABÁ	PB
2717	REMÍGIO	PB
2718	PEDRO RÉGIS	PB
2719	RIACHÃO	PB
2720	RIACHÃO DO BACAMARTE	PB
2721	RIACHÃO DO POÇO	PB
2722	RIACHO DE SANTO ANTÔNIO	PB
2723	RIACHO DOS CAVALOS	PB
2724	RIO TINTO	PB
2725	SALGADINHO	PB
2726	SALGADO DE SÃO FÉLIX	PB
2727	SANTA CECÍLIA	PB
2728	SANTA CRUZ	PB
2729	SANTA HELENA	PB
2730	SANTA INÊS	PB
2731	SANTA LUZIA	PB
2732	SANTANA DE MANGUEIRA	PB
2733	SANTANA DOS GARROTES	PB
2734	SANTARÉM	PB
2735	SANTA RITA	PB
2736	SANTA TERESINHA	PB
2737	SANTO ANDRÉ	PB
2738	SÃO BENTO	PB
2739	SÃO BENTINHO	PB
2740	SÃO DOMINGOS DO CARIRI	PB
2741	SÃO DOMINGOS	PB
2742	SÃO FRANCISCO	PB
2743	SÃO JOÃO DO CARIRI	PB
2744	SÃO JOÃO DO TIGRE	PB
2745	SÃO JOSÉ DA LAGOA TAPADA	PB
2746	SÃO JOSÉ DE CAIANA	PB
2747	SÃO JOSÉ DE ESPINHARAS	PB
2748	SÃO JOSÉ DOS RAMOS	PB
2749	SÃO JOSÉ DE PIRANHAS	PB
2750	SÃO JOSÉ DE PRINCESA	PB
2751	SÃO JOSÉ DO BONFIM	PB
2752	SÃO JOSÉ DO BREJO DO CRUZ	PB
2753	SÃO JOSÉ DO SABUGI	PB
2754	SÃO JOSÉ DOS CORDEIROS	PB
2755	SÃO MAMEDE	PB
2756	SÃO MIGUEL DE TAIPU	PB
2757	SÃO SEBASTIÃO DE LAGOA DE ROÇA	PB
2758	SÃO SEBASTIÃO DO UMBUZEIRO	PB
2759	SAPÉ	PB
2760	SERIDÓ	PB
2761	SERRA BRANCA	PB
2762	SERRA DA RAIZ	PB
2763	SERRA GRANDE	PB
2764	SERRA REDONDA	PB
2765	SERRARIA	PB
2766	SERTÃOZINHO	PB
2767	SOBRADO	PB
2768	SOLÂNEA	PB
2769	SOLEDADE	PB
2770	SOSSÊGO	PB
2771	SOUSA	PB
2772	SUMÉ	PB
2773	CAMPO DE SANTANA	PB
2774	TAPEROÁ	PB
2775	TAVARES	PB
2776	TEIXEIRA	PB
2777	TENÓRIO	PB
2778	TRIUNFO	PB
2779	UIRAÚNA	PB
2780	UMBUZEIRO	PB
2781	VÁRZEA	PB
2782	VIEIRÓPOLIS	PB
2783	ZABELÊ	PB
2784	ABATIÁ	PR
2785	ADRIANÓPOLIS	PR
2786	AGUDOS DO SUL	PR
2787	ALMIRANTE TAMANDARÉ	PR
2788	ALTAMIRA DO PARANÁ	PR
2789	ALTÔNIA	PR
2790	ALTO PARANÁ	PR
2791	ALTO PIQUIRI	PR
2792	ALVORADA DO SUL	PR
2793	AMAPORÃ	PR
2794	AMPÉRE	PR
2795	ANAHY	PR
2796	ANDIRÁ	PR
2797	ÂNGULO	PR
2798	ANTONINA	PR
2799	ANTÔNIO OLINTO	PR
2800	APUCARANA	PR
2801	ARAPONGAS	PR
2802	ARAPOTI	PR
2803	ARAPUÃ	PR
2804	ARARUNA	PR
2805	ARAUCÁRIA	PR
2806	ARIRANHA DO IVAÍ	PR
2807	ASSAÍ	PR
2808	ASSIS CHATEAUBRIAND	PR
2809	ASTORGA	PR
2810	ATALAIA	PR
2811	BALSA NOVA	PR
2812	BANDEIRANTES	PR
2813	BARBOSA FERRAZ	PR
2814	BARRACÃO	PR
2815	BARRA DO JACARÉ	PR
2816	BELA VISTA DA CAROBA	PR
2817	BELA VISTA DO PARAÍSO	PR
2818	BITURUNA	PR
2819	BOA ESPERANÇA	PR
2820	BOA ESPERANÇA DO IGUAÇU	PR
2821	BOA VENTURA DE SÃO ROQUE	PR
2822	BOA VISTA DA APARECIDA	PR
2823	BOCAIÚVA DO SUL	PR
2824	BOM JESUS DO SUL	PR
2825	BOM SUCESSO	PR
2826	BOM SUCESSO DO SUL	PR
2827	BORRAZÓPOLIS	PR
2828	BRAGANEY	PR
2829	BRASILÂNDIA DO SUL	PR
2830	CAFEARA	PR
2831	CAFELÂNDIA	PR
2832	CAFEZAL DO SUL	PR
2833	CALIFÓRNIA	PR
2834	CAMBARÁ	PR
2835	CAMBÉ	PR
2836	CAMBIRA	PR
2837	CAMPINA DA LAGOA	PR
2838	CAMPINA DO SIMÃO	PR
2839	CAMPINA GRANDE DO SUL	PR
2840	CAMPO BONITO	PR
2841	CAMPO DO TENENTE	PR
2842	CAMPO LARGO	PR
2843	CAMPO MAGRO	PR
2844	CAMPO MOURÃO	PR
2845	CÂNDIDO DE ABREU	PR
2846	CANDÓI	PR
2847	CANTAGALO	PR
2848	CAPANEMA	PR
2849	CAPITÃO LEÔNIDAS MARQUES	PR
2850	CARAMBEÍ	PR
2851	CARLÓPOLIS	PR
2852	CASCAVEL	PR
2853	CASTRO	PR
2854	CATANDUVAS	PR
2855	CENTENÁRIO DO SUL	PR
2856	CERRO AZUL	PR
2857	CÉU AZUL	PR
2858	CHOPINZINHO	PR
2859	CIANORTE	PR
2861	CLEVELÂNDIA	PR
2862	COLOMBO	PR
2863	COLORADO	PR
2864	CONGONHINHAS	PR
2865	CONSELHEIRO MAIRINCK	PR
2866	CONTENDA	PR
2867	CORBÉLIA	PR
2868	CORNÉLIO PROCÓPIO	PR
2869	CORONEL DOMINGOS SOARES	PR
2870	CORONEL VIVIDA	PR
2871	CORUMBATAÍ DO SUL	PR
2872	CRUZEIRO DO IGUAÇU	PR
2873	CRUZEIRO DO OESTE	PR
2874	CRUZEIRO DO SUL	PR
2875	CRUZ MACHADO	PR
2876	CRUZMALTINA	PR
2877	CURITIBA	PR
2878	CURIÚVA	PR
2879	DIAMANTE DO NORTE	PR
2880	DIAMANTE DO SUL	PR
2881	DIAMANTE D'OESTE	PR
2882	DOIS VIZINHOS	PR
2883	DOURADINA	PR
2884	DOUTOR CAMARGO	PR
2885	ENÉAS MARQUES	PR
2886	ENGENHEIRO BELTRÃO	PR
2887	ESPERANÇA NOVA	PR
2888	ENTRE RIOS DO OESTE	PR
2889	ESPIGÃO ALTO DO IGUAÇU	PR
2890	FAROL	PR
2891	FAXINAL	PR
2892	FAZENDA RIO GRANDE	PR
2893	FÊNIX	PR
2894	FERNANDES PINHEIRO	PR
2895	FIGUEIRA	PR
2896	FLORAÍ	PR
2897	FLOR DA SERRA DO SUL	PR
2898	FLORESTA	PR
2899	FLORESTÓPOLIS	PR
2900	FLÓRIDA	PR
2901	FORMOSA DO OESTE	PR
2902	FOZ DO IGUAÇU	PR
2903	FRANCISCO ALVES	PR
2904	FRANCISCO BELTRÃO	PR
2905	FOZ DO JORDÃO	PR
2906	GENERAL CARNEIRO	PR
2907	GODOY MOREIRA	PR
2908	GOIOERÊ	PR
2909	GOIOXIM	PR
2910	GRANDES RIOS	PR
2911	GUAÍRA	PR
2912	GUAIRAÇÁ	PR
2913	GUAMIRANGA	PR
2914	GUAPIRAMA	PR
2915	GUAPOREMA	PR
2916	GUARACI	PR
2917	GUARANIAÇU	PR
2918	GUARAPUAVA	PR
2919	GUARAQUEÇABA	PR
2920	GUARATUBA	PR
2921	HONÓRIO SERPA	PR
2922	IBAITI	PR
2923	IBEMA	PR
2924	IBIPORÃ	PR
2925	ICARAÍMA	PR
2926	IGUARAÇU	PR
2927	IGUATU	PR
2928	IMBAÚ	PR
2929	IMBITUVA	PR
2930	INÁCIO MARTINS	PR
2931	INAJÁ	PR
2932	INDIANÓPOLIS	PR
2933	IPIRANGA	PR
2934	IPORÃ	PR
2935	IRACEMA DO OESTE	PR
2936	IRATI	PR
2937	IRETAMA	PR
2938	ITAGUAJÉ	PR
2939	ITAIPULÂNDIA	PR
2940	ITAMBARACÁ	PR
2941	ITAMBÉ	PR
2942	ITAPEJARA D'OESTE	PR
2943	ITAPERUÇU	PR
2944	ITAÚNA DO SUL	PR
2945	IVAÍ	PR
2946	IVAIPORÃ	PR
2947	IVATÉ	PR
2948	IVATUBA	PR
2949	JABOTI	PR
2950	JACAREZINHO	PR
2951	JAGUAPITÃ	PR
2952	JAGUARIAÍVA	PR
2953	JANDAIA DO SUL	PR
2954	JANIÓPOLIS	PR
2955	JAPIRA	PR
2956	JAPURÁ	PR
2957	JARDIM ALEGRE	PR
2958	JARDIM OLINDA	PR
2959	JATAIZINHO	PR
2960	JESUÍTAS	PR
2961	JOAQUIM TÁVORA	PR
2962	JUNDIAÍ DO SUL	PR
2963	JURANDA	PR
2964	JUSSARA	PR
2965	KALORÉ	PR
2966	LAPA	PR
2967	LARANJAL	PR
2968	LARANJEIRAS DO SUL	PR
2969	LEÓPOLIS	PR
2970	LIDIANÓPOLIS	PR
2971	LINDOESTE	PR
2972	LOANDA	PR
2973	LOBATO	PR
2974	LONDRINA	PR
2975	LUIZIANA	PR
2976	LUNARDELLI	PR
2977	LUPIONÓPOLIS	PR
2978	MALLET	PR
2979	MAMBORÊ	PR
2980	MANDAGUAÇU	PR
2981	MANDAGUARI	PR
2982	MANDIRITUBA	PR
2983	MANFRINÓPOLIS	PR
2984	MANGUEIRINHA	PR
2985	MANOEL RIBAS	PR
2986	MARECHAL CÂNDIDO RONDON	PR
2987	MARIA HELENA	PR
2988	MARIALVA	PR
2989	MARILÂNDIA DO SUL	PR
2990	MARILENA	PR
2991	MARILUZ	PR
2992	MARINGÁ	PR
2993	MARIÓPOLIS	PR
2994	MARIPÁ	PR
2995	MARMELEIRO	PR
2996	MARQUINHO	PR
2997	MARUMBI	PR
2998	MATELÂNDIA	PR
2999	MATINHOS	PR
3000	MATO RICO	PR
3001	MAUÁ DA SERRA	PR
3002	MEDIANEIRA	PR
3003	MERCEDES	PR
3004	MIRADOR	PR
3005	MIRASELVA	PR
3006	MISSAL	PR
3007	MOREIRA SALES	PR
3008	MORRETES	PR
3009	MUNHOZ DE MELO	PR
3010	NOSSA SENHORA DAS GRAÇAS	PR
3011	NOVA ALIANÇA DO IVAÍ	PR
3012	NOVA AMÉRICA DA COLINA	PR
3013	NOVA AURORA	PR
3014	NOVA CANTU	PR
3015	NOVA ESPERANÇA	PR
3016	NOVA ESPERANÇA DO SUDOESTE	PR
3017	NOVA FÁTIMA	PR
3018	NOVA LARANJEIRAS	PR
3019	NOVA LONDRINA	PR
3020	NOVA OLÍMPIA	PR
3021	NOVA SANTA BÁRBARA	PR
3022	NOVA SANTA ROSA	PR
3023	NOVA PRATA DO IGUAÇU	PR
3024	NOVA TEBAS	PR
3025	NOVO ITACOLOMI	PR
3026	ORTIGUEIRA	PR
3027	OURIZONA	PR
3028	OURO VERDE DO OESTE	PR
3029	PAIÇANDU	PR
3030	PALMAS	PR
3031	PALMEIRA	PR
3032	PALMITAL	PR
3033	PALOTINA	PR
3034	PARAÍSO DO NORTE	PR
3035	PARANACITY	PR
3036	PARANAGUÁ	PR
3037	PARANAPOEMA	PR
3038	PARANAVAÍ	PR
3039	PATO BRAGADO	PR
3040	PATO BRANCO	PR
3041	PAULA FREITAS	PR
3042	PAULO FRONTIN	PR
3043	PEABIRU	PR
3044	PEROBAL	PR
3045	PÉROLA	PR
3046	PÉROLA D'OESTE	PR
3047	PIÊN	PR
3048	PINHAIS	PR
3049	PINHALÃO	PR
3050	PINHAL DE SÃO BENTO	PR
3051	PINHÃO	PR
3052	PIRAÍ DO SUL	PR
3053	PIRAQUARA	PR
3054	PITANGA	PR
3055	PITANGUEIRAS	PR
3056	PLANALTINA DO PARANÁ	PR
3057	PLANALTO	PR
3058	PONTA GROSSA	PR
3059	PONTAL DO PARANÁ	PR
3060	PORECATU	PR
3061	PORTO AMAZONAS	PR
3062	PORTO BARREIRO	PR
3063	PORTO RICO	PR
3064	PORTO VITÓRIA	PR
3065	PRADO FERREIRA	PR
3066	PRANCHITA	PR
3067	PRESIDENTE CASTELO BRANCO	PR
3068	PRIMEIRO DE MAIO	PR
3069	PRUDENTÓPOLIS	PR
3070	QUARTO CENTENÁRIO	PR
3071	QUATIGUÁ	PR
3072	QUATRO BARRAS	PR
3073	QUATRO PONTES	PR
3074	QUEDAS DO IGUAÇU	PR
3075	QUERÊNCIA DO NORTE	PR
3076	QUINTA DO SOL	PR
3077	QUITANDINHA	PR
3078	RAMILÂNDIA	PR
3079	RANCHO ALEGRE	PR
3080	RANCHO ALEGRE D'OESTE	PR
3081	REALEZA	PR
3082	REBOUÇAS	PR
3083	RENASCENÇA	PR
3084	RESERVA	PR
3085	RESERVA DO IGUAÇU	PR
3086	RIBEIRÃO CLARO	PR
3087	RIBEIRÃO DO PINHAL	PR
3088	RIO AZUL	PR
3089	RIO BOM	PR
3090	RIO BONITO DO IGUAÇU	PR
3091	RIO BRANCO DO IVAÍ	PR
3092	RIO BRANCO DO SUL	PR
3093	RIO NEGRO	PR
3094	ROLÂNDIA	PR
3095	RONCADOR	PR
3096	RONDON	PR
3097	ROSÁRIO DO IVAÍ	PR
3098	SABÁUDIA	PR
3099	SALGADO FILHO	PR
3100	SALTO DO ITARARÉ	PR
3101	SALTO DO LONTRA	PR
3102	SANTA AMÉLIA	PR
3103	SANTA CECÍLIA DO PAVÃO	PR
3104	SANTA CRUZ DE MONTE CASTELO	PR
3105	SANTA FÉ	PR
3106	SANTA HELENA	PR
3107	SANTA INÊS	PR
3108	SANTA ISABEL DO IVAÍ	PR
3109	SANTA IZABEL DO OESTE	PR
3110	SANTA LÚCIA	PR
3111	SANTA MARIA DO OESTE	PR
3112	SANTA MARIANA	PR
3113	SANTA MÔNICA	PR
3114	SANTANA DO ITARARÉ	PR
3115	SANTA TEREZA DO OESTE	PR
3116	SANTA TEREZINHA DE ITAIPU	PR
3117	SANTO ANTÔNIO DA PLATINA	PR
3118	SANTO ANTÔNIO DO CAIUÁ	PR
3119	SANTO ANTÔNIO DO PARAÍSO	PR
3120	SANTO ANTÔNIO DO SUDOESTE	PR
3121	SANTO INÁCIO	PR
3122	SÃO CARLOS DO IVAÍ	PR
3123	SÃO JERÔNIMO DA SERRA	PR
3124	SÃO JOÃO	PR
3125	SÃO JOÃO DO CAIUÁ	PR
3126	SÃO JOÃO DO IVAÍ	PR
3127	SÃO JOÃO DO TRIUNFO	PR
3128	SÃO JORGE D'OESTE	PR
3129	SÃO JORGE DO IVAÍ	PR
3130	SÃO JORGE DO PATROCÍNIO	PR
3131	SÃO JOSÉ DA BOA VISTA	PR
3132	SÃO JOSÉ DAS PALMEIRAS	PR
3133	SÃO JOSÉ DOS PINHAIS	PR
3134	SÃO MANOEL DO PARANÁ	PR
3135	SÃO MATEUS DO SUL	PR
3136	SÃO MIGUEL DO IGUAÇU	PR
3137	SÃO PEDRO DO IGUAÇU	PR
3138	SÃO PEDRO DO IVAÍ	PR
3139	SÃO PEDRO DO PARANÁ	PR
3140	SÃO SEBASTIÃO DA AMOREIRA	PR
3141	SÃO TOMÉ	PR
3142	SAPOPEMA	PR
3143	SARANDI	PR
3144	SAUDADE DO IGUAÇU	PR
3145	SENGÉS	PR
3146	SERRANÓPOLIS DO IGUAÇU	PR
3147	SERTANEJA	PR
3148	SERTANÓPOLIS	PR
3149	SIQUEIRA CAMPOS	PR
3150	SULINA	PR
3151	TAMARANA	PR
3152	TAMBOARA	PR
3153	TAPEJARA	PR
3154	TAPIRA	PR
3155	TEIXEIRA SOARES	PR
3156	TELÊMACO BORBA	PR
3157	TERRA BOA	PR
3158	TERRA RICA	PR
3159	TERRA ROXA	PR
3160	TIBAGI	PR
3161	TIJUCAS DO SUL	PR
3162	TOLEDO	PR
3163	TOMAZINA	PR
3164	TRÊS BARRAS DO PARANÁ	PR
3165	TUNAS DO PARANÁ	PR
3166	TUNEIRAS DO OESTE	PR
3167	TUPÃSSI	PR
3168	TURVO	PR
3169	UBIRATÃ	PR
3170	UMUARAMA	PR
3171	UNIÃO DA VITÓRIA	PR
3172	UNIFLOR	PR
3173	URAÍ	PR
3174	WENCESLAU BRAZ	PR
3175	VENTANIA	PR
3176	VERA CRUZ DO OESTE	PR
3177	VERÊ	PR
3178	ALTO PARAÍSO	PR
3179	DOUTOR ULYSSES	PR
3180	VIRMOND	PR
3181	VITORINO	PR
3182	XAMBRÊ	PR
3183	ABREU E LIMA	PE
3184	AFOGADOS DA INGAZEIRA	PE
3185	AFRÂNIO	PE
3186	AGRESTINA	PE
3187	ÁGUA PRETA	PE
3188	ÁGUAS BELAS	PE
3189	ALAGOINHA	PE
3190	ALIANÇA	PE
3191	ALTINHO	PE
3192	AMARAJI	PE
3193	ANGELIM	PE
3194	ARAÇOIABA	PE
3195	ARARIPINA	PE
3196	ARCOVERDE	PE
3197	BARRA DE GUABIRABA	PE
3198	BARREIROS	PE
3199	BELÉM DE MARIA	PE
3200	BELÉM DO SÃO FRANCISCO	PE
3201	BELO JARDIM	PE
3202	BETÂNIA	PE
3203	BEZERROS	PE
3204	BODOCÓ	PE
3205	BOM CONSELHO	PE
3206	BOM JARDIM	PE
3207	BONITO	PE
3208	BREJÃO	PE
3209	BREJINHO	PE
3210	BREJO DA MADRE DE DEUS	PE
3211	BUENOS AIRES	PE
3212	BUÍQUE	PE
3213	CABO DE SANTO AGOSTINHO	PE
3214	CABROBÓ	PE
3215	CACHOEIRINHA	PE
3216	CAETÉS	PE
3217	CALÇADO	PE
3218	CALUMBI	PE
3219	CAMARAGIBE	PE
3220	CAMOCIM DE SÃO FÉLIX	PE
3221	CAMUTANGA	PE
3222	CANHOTINHO	PE
3223	CAPOEIRAS	PE
3224	CARNAÍBA	PE
3225	CARNAUBEIRA DA PENHA	PE
3226	CARPINA	PE
3227	CARUARU	PE
3228	CASINHAS	PE
3229	CATENDE	PE
3230	CEDRO	PE
3231	CHÃ DE ALEGRIA	PE
3232	CHÃ GRANDE	PE
3233	CONDADO	PE
3234	CORRENTES	PE
3235	CORTÊS	PE
3236	CUMARU	PE
3237	CUPIRA	PE
3238	CUSTÓDIA	PE
3239	DORMENTES	PE
3240	ESCADA	PE
3241	EXU	PE
3242	FEIRA NOVA	PE
3243	FERNANDO DE NORONHA	PE
3244	FERREIROS	PE
3245	FLORES	PE
3246	FLORESTA	PE
3247	FREI MIGUELINHO	PE
3248	GAMELEIRA	PE
3249	GARANHUNS	PE
3250	GLÓRIA DO GOITÁ	PE
3251	GOIANA	PE
3252	GRANITO	PE
3253	GRAVATÁ	PE
3254	IATI	PE
3255	IBIMIRIM	PE
3256	IBIRAJUBA	PE
3257	IGARASSU	PE
3258	IGUARACI	PE
3259	INAJÁ	PE
3260	INGAZEIRA	PE
3261	IPOJUCA	PE
3262	IPUBI	PE
3263	ITACURUBA	PE
3264	ITAÍBA	PE
3265	ILHA DE ITAMARACÁ	PE
3266	ITAMBÉ	PE
3267	ITAPETIM	PE
3268	ITAPISSUMA	PE
3269	ITAQUITINGA	PE
3270	JABOATÃO DOS GUARARAPES	PE
3271	JAQUEIRA	PE
3272	JATAÚBA	PE
3273	JATOBÁ	PE
3274	JOÃO ALFREDO	PE
3275	JOAQUIM NABUCO	PE
3276	JUCATI	PE
3277	JUPI	PE
3278	JUREMA	PE
3279	LAGOA DO CARRO	PE
3280	LAGOA DE ITAENGA	PE
3281	LAGOA DO OURO	PE
3282	LAGOA DOS GATOS	PE
3283	LAGOA GRANDE	PE
3284	LAJEDO	PE
3285	LIMOEIRO	PE
3286	MACAPARANA	PE
3287	MACHADOS	PE
3288	MANARI	PE
3289	MARAIAL	PE
3290	MIRANDIBA	PE
3291	MORENO	PE
3292	NAZARÉ DA MATA	PE
3293	OLINDA	PE
3294	OROBÓ	PE
3295	OROCÓ	PE
3296	OURICURI	PE
3297	PALMARES	PE
3298	PALMEIRINA	PE
3299	PANELAS	PE
3300	PARANATAMA	PE
3301	PARNAMIRIM	PE
3302	PASSIRA	PE
3303	PAUDALHO	PE
3304	PAULISTA	PE
3305	PEDRA	PE
3306	PESQUEIRA	PE
3307	PETROLÂNDIA	PE
3308	PETROLINA	PE
3309	POÇÃO	PE
3310	POMBOS	PE
3311	PRIMAVERA	PE
3312	QUIPAPÁ	PE
3313	QUIXABA	PE
3314	RECIFE	PE
3315	RIACHO DAS ALMAS	PE
3316	RIBEIRÃO	PE
3317	RIO FORMOSO	PE
3318	SAIRÉ	PE
3319	SALGADINHO	PE
3320	SALGUEIRO	PE
3321	SALOÁ	PE
3322	SANHARÓ	PE
3323	SANTA CRUZ	PE
3324	SANTA CRUZ DA BAIXA VERDE	PE
3325	SANTA CRUZ DO CAPIBARIBE	PE
3326	SANTA FILOMENA	PE
3327	SANTA MARIA DA BOA VISTA	PE
3328	SANTA MARIA DO CAMBUCÁ	PE
3329	SANTA TEREZINHA	PE
3330	SÃO BENEDITO DO SUL	PE
3331	SÃO BENTO DO UNA	PE
3332	SÃO CAETANO	PE
3333	SÃO JOÃO	PE
3334	SÃO JOAQUIM DO MONTE	PE
3335	SÃO JOSÉ DA COROA GRANDE	PE
3336	SÃO JOSÉ DO BELMONTE	PE
3337	SÃO JOSÉ DO EGITO	PE
3338	SÃO LOURENÇO DA MATA	PE
3339	SÃO VICENTE FERRER	PE
3340	SERRA TALHADA	PE
3341	SERRITA	PE
3342	SERTÂNIA	PE
3343	SIRINHAÉM	PE
3344	MOREILÂNDIA	PE
3345	SOLIDÃO	PE
3346	SURUBIM	PE
3347	TABIRA	PE
3348	TACAIMBÓ	PE
3349	TACARATU	PE
3350	TAMANDARÉ	PE
3351	TAQUARITINGA DO NORTE	PE
3352	TEREZINHA	PE
3353	TERRA NOVA	PE
3354	TIMBAÚBA	PE
3355	TORITAMA	PE
3356	TRACUNHAÉM	PE
3357	TRINDADE	PE
3358	TRIUNFO	PE
3359	TUPANATINGA	PE
3360	TUPARETAMA	PE
3361	VENTUROSA	PE
3362	VERDEJANTE	PE
3363	VERTENTE DO LÉRIO	PE
3364	VERTENTES	PE
3365	VICÊNCIA	PE
3366	VITÓRIA DE SANTO ANTÃO	PE
3367	XEXÉU	PE
3368	ACAUÃ	PI
3369	AGRICOLÂNDIA	PI
3370	ÁGUA BRANCA	PI
3371	ALAGOINHA DO PIAUÍ	PI
3372	ALEGRETE DO PIAUÍ	PI
3373	ALTO LONGÁ	PI
3374	ALTOS	PI
3375	ALVORADA DO GURGUÉIA	PI
3376	AMARANTE	PI
3377	ANGICAL DO PIAUÍ	PI
3378	ANÍSIO DE ABREU	PI
3379	ANTÔNIO ALMEIDA	PI
3380	AROAZES	PI
3381	AROEIRAS DO ITAIM	PI
3382	ARRAIAL	PI
3383	ASSUNÇÃO DO PIAUÍ	PI
3384	AVELINO LOPES	PI
3385	BAIXA GRANDE DO RIBEIRO	PI
3386	BARRA D'ALCÂNTARA	PI
3387	BARRAS	PI
3388	BARREIRAS DO PIAUÍ	PI
3389	BARRO DURO	PI
3390	BATALHA	PI
3391	BELA VISTA DO PIAUÍ	PI
3392	BELÉM DO PIAUÍ	PI
3393	BENEDITINOS	PI
3394	BERTOLÍNIA	PI
3395	BETÂNIA DO PIAUÍ	PI
3396	BOA HORA	PI
3397	BOCAINA	PI
3398	BOM JESUS	PI
3399	BOM PRINCÍPIO DO PIAUÍ	PI
3400	BONFIM DO PIAUÍ	PI
3401	BOQUEIRÃO DO PIAUÍ	PI
3402	BRASILEIRA	PI
3403	BREJO DO PIAUÍ	PI
3404	BURITI DOS LOPES	PI
3405	BURITI DOS MONTES	PI
3406	CABECEIRAS DO PIAUÍ	PI
3407	CAJAZEIRAS DO PIAUÍ	PI
3408	CAJUEIRO DA PRAIA	PI
3409	CALDEIRÃO GRANDE DO PIAUÍ	PI
3410	CAMPINAS DO PIAUÍ	PI
3411	CAMPO ALEGRE DO FIDALGO	PI
3412	CAMPO GRANDE DO PIAUÍ	PI
3413	CAMPO LARGO DO PIAUÍ	PI
3414	CAMPO MAIOR	PI
3415	CANAVIEIRA	PI
3416	CANTO DO BURITI	PI
3417	CAPITÃO DE CAMPOS	PI
3418	CAPITÃO GERVÁSIO OLIVEIRA	PI
3419	CARACOL	PI
3420	CARAÚBAS DO PIAUÍ	PI
3421	CARIDADE DO PIAUÍ	PI
3422	CASTELO DO PIAUÍ	PI
3423	CAXINGÓ	PI
3424	COCAL	PI
3425	COCAL DE TELHA	PI
3426	COCAL DOS ALVES	PI
3427	COIVARAS	PI
3428	COLÔNIA DO GURGUÉIA	PI
3429	COLÔNIA DO PIAUÍ	PI
3430	CONCEIÇÃO DO CANINDÉ	PI
3431	CORONEL JOSÉ DIAS	PI
3432	CORRENTE	PI
3433	CRISTALÂNDIA DO PIAUÍ	PI
3434	CRISTINO CASTRO	PI
3435	CURIMATÁ	PI
3436	CURRAIS	PI
3437	CURRALINHOS	PI
3438	CURRAL NOVO DO PIAUÍ	PI
3439	DEMERVAL LOBÃO	PI
3440	DIRCEU ARCOVERDE	PI
3441	DOM EXPEDITO LOPES	PI
3442	DOMINGOS MOURÃO	PI
3443	DOM INOCÊNCIO	PI
3444	ELESBÃO VELOSO	PI
3445	ELISEU MARTINS	PI
3446	ESPERANTINA	PI
3447	FARTURA DO PIAUÍ	PI
3448	FLORES DO PIAUÍ	PI
3449	FLORESTA DO PIAUÍ	PI
3450	FLORIANO	PI
3451	FRANCINÓPOLIS	PI
3452	FRANCISCO AYRES	PI
3453	FRANCISCO MACEDO	PI
3454	FRANCISCO SANTOS	PI
3455	FRONTEIRAS	PI
3456	GEMINIANO	PI
3457	GILBUÉS	PI
3458	GUADALUPE	PI
3459	GUARIBAS	PI
3460	HUGO NAPOLEÃO	PI
3461	ILHA GRANDE	PI
3462	INHUMA	PI
3463	IPIRANGA DO PIAUÍ	PI
3464	ISAÍAS COELHO	PI
3465	ITAINÓPOLIS	PI
3466	ITAUEIRA	PI
3467	JACOBINA DO PIAUÍ	PI
3468	JAICÓS	PI
3469	JARDIM DO MULATO	PI
3470	JATOBÁ DO PIAUÍ	PI
3471	JERUMENHA	PI
3472	JOÃO COSTA	PI
3473	JOAQUIM PIRES	PI
3474	JOCA MARQUES	PI
3475	JOSÉ DE FREITAS	PI
3476	JUAZEIRO DO PIAUÍ	PI
3477	JÚLIO BORGES	PI
3478	JUREMA	PI
3479	LAGOINHA DO PIAUÍ	PI
3480	LAGOA ALEGRE	PI
3481	LAGOA DO BARRO DO PIAUÍ	PI
3482	LAGOA DE SÃO FRANCISCO	PI
3483	LAGOA DO PIAUÍ	PI
3484	LAGOA DO SÍTIO	PI
3485	LANDRI SALES	PI
3486	LUÍS CORREIA	PI
3487	LUZILÂNDIA	PI
3488	MADEIRO	PI
3489	MANOEL EMÍDIO	PI
3490	MARCOLÂNDIA	PI
3491	MARCOS PARENTE	PI
3492	MASSAPÊ DO PIAUÍ	PI
3493	MATIAS OLÍMPIO	PI
3494	MIGUEL ALVES	PI
3495	MIGUEL LEÃO	PI
3496	MILTON BRANDÃO	PI
3497	MONSENHOR GIL	PI
3498	MONSENHOR HIPÓLITO	PI
3499	MONTE ALEGRE DO PIAUÍ	PI
3500	MORRO CABEÇA NO TEMPO	PI
3501	MORRO DO CHAPÉU DO PIAUÍ	PI
3502	MURICI DOS PORTELAS	PI
3503	NAZARÉ DO PIAUÍ	PI
3504	NAZÁRIA	PI
3505	NOSSA SENHORA DE NAZARÉ	PI
3506	NOSSA SENHORA DOS REMÉDIOS	PI
3507	NOVO ORIENTE DO PIAUÍ	PI
3508	NOVO SANTO ANTÔNIO	PI
3509	OEIRAS	PI
3510	OLHO D'ÁGUA DO PIAUÍ	PI
3511	PADRE MARCOS	PI
3512	PAES LANDIM	PI
3513	PAJEÚ DO PIAUÍ	PI
3514	PALMEIRA DO PIAUÍ	PI
3515	PALMEIRAIS	PI
3516	PAQUETÁ	PI
3517	PARNAGUÁ	PI
3518	PARNAÍBA	PI
3519	PASSAGEM FRANCA DO PIAUÍ	PI
3520	PATOS DO PIAUÍ	PI
3521	PAU D'ARCO DO PIAUÍ	PI
3522	PAULISTANA	PI
3523	PAVUSSU	PI
3524	PEDRO II	PI
3525	PEDRO LAURENTINO	PI
3526	NOVA SANTA RITA	PI
3527	PICOS	PI
3528	PIMENTEIRAS	PI
3529	PIO IX	PI
3530	PIRACURUCA	PI
3531	PIRIPIRI	PI
3532	PORTO	PI
3533	PORTO ALEGRE DO PIAUÍ	PI
3534	PRATA DO PIAUÍ	PI
3535	QUEIMADA NOVA	PI
3536	REDENÇÃO DO GURGUÉIA	PI
3537	REGENERAÇÃO	PI
3538	RIACHO FRIO	PI
3539	RIBEIRA DO PIAUÍ	PI
3540	RIBEIRO GONÇALVES	PI
3541	RIO GRANDE DO PIAUÍ	PI
3542	SANTA CRUZ DO PIAUÍ	PI
3543	SANTA CRUZ DOS MILAGRES	PI
3544	SANTA FILOMENA	PI
3545	SANTA LUZ	PI
3546	SANTANA DO PIAUÍ	PI
3547	SANTA ROSA DO PIAUÍ	PI
3548	SANTO ANTÔNIO DE LISBOA	PI
3549	SANTO ANTÔNIO DOS MILAGRES	PI
3550	SANTO INÁCIO DO PIAUÍ	PI
3551	SÃO BRAZ DO PIAUÍ	PI
3552	SÃO FÉLIX DO PIAUÍ	PI
3553	SÃO FRANCISCO DE ASSIS DO PIAUÍ	PI
3554	SÃO FRANCISCO DO PIAUÍ	PI
3555	SÃO GONÇALO DO GURGUÉIA	PI
3556	SÃO GONÇALO DO PIAUÍ	PI
3557	SÃO JOÃO DA CANABRAVA	PI
3558	SÃO JOÃO DA FRONTEIRA	PI
3559	SÃO JOÃO DA SERRA	PI
3560	SÃO JOÃO DA VARJOTA	PI
3561	SÃO JOÃO DO ARRAIAL	PI
3562	SÃO JOÃO DO PIAUÍ	PI
3563	SÃO JOSÉ DO DIVINO	PI
3564	SÃO JOSÉ DO PEIXE	PI
3565	SÃO JOSÉ DO PIAUÍ	PI
3566	SÃO JULIÃO	PI
3567	SÃO LOURENÇO DO PIAUÍ	PI
3568	SÃO LUIS DO PIAUÍ	PI
3569	SÃO MIGUEL DA BAIXA GRANDE	PI
3570	SÃO MIGUEL DO FIDALGO	PI
3571	SÃO MIGUEL DO TAPUIO	PI
3572	SÃO PEDRO DO PIAUÍ	PI
3573	SÃO RAIMUNDO NONATO	PI
3574	SEBASTIÃO BARROS	PI
3575	SEBASTIÃO LEAL	PI
3576	SIGEFREDO PACHECO	PI
3577	SIMÕES	PI
3578	SIMPLÍCIO MENDES	PI
3579	SOCORRO DO PIAUÍ	PI
3580	SUSSUAPARA	PI
3581	TAMBORIL DO PIAUÍ	PI
3582	TANQUE DO PIAUÍ	PI
3583	TERESINA	PI
3584	UNIÃO	PI
3585	URUÇUÍ	PI
3586	VALENÇA DO PIAUÍ	PI
3587	VÁRZEA BRANCA	PI
3588	VÁRZEA GRANDE	PI
3589	VERA MENDES	PI
3590	VILA NOVA DO PIAUÍ	PI
3591	WALL FERRAZ	PI
3592	ANGRA DOS REIS	RJ
3593	APERIBÉ	RJ
3594	ARARUAMA	RJ
3595	AREAL	RJ
3596	ARMAÇÃO DOS BÚZIOS	RJ
3597	ARRAIAL DO CABO	RJ
3598	BARRA DO PIRAÍ	RJ
3599	BARRA MANSA	RJ
3600	BELFORD ROXO	RJ
3601	BOM JARDIM	RJ
3602	BOM JESUS DO ITABAPOANA	RJ
3603	CABO FRIO	RJ
3604	CACHOEIRAS DE MACACU	RJ
3605	CAMBUCI	RJ
3606	CARAPEBUS	RJ
3607	COMENDADOR LEVY GASPARIAN	RJ
3608	CAMPOS DOS GOYTACAZES	RJ
3609	CANTAGALO	RJ
3610	CARDOSO MOREIRA	RJ
3611	CARMO	RJ
3612	CASIMIRO DE ABREU	RJ
3613	CONCEIÇÃO DE MACABU	RJ
3614	CORDEIRO	RJ
3615	DUAS BARRAS	RJ
3616	DUQUE DE CAXIAS	RJ
3617	ENGENHEIRO PAULO DE FRONTIN	RJ
3618	GUAPIMIRIM	RJ
3619	IGUABA GRANDE	RJ
3620	ITABORAÍ	RJ
3621	ITAGUAÍ	RJ
3622	ITALVA	RJ
3623	ITAOCARA	RJ
3624	ITAPERUNA	RJ
3625	ITATIAIA	RJ
3626	JAPERI	RJ
3627	LAJE DO MURIAÉ	RJ
3628	MACAÉ	RJ
3629	MACUCO	RJ
3630	MAGÉ	RJ
3631	MANGARATIBA	RJ
3632	MARICÁ	RJ
3633	MENDES	RJ
3634	MESQUITA	RJ
3635	MIGUEL PEREIRA	RJ
3636	MIRACEMA	RJ
3637	NATIVIDADE	RJ
3638	NILÓPOLIS	RJ
3639	NITERÓI	RJ
3640	NOVA FRIBURGO	RJ
3641	NOVA IGUAÇU	RJ
3642	PARACAMBI	RJ
3643	PARAÍBA DO SUL	RJ
3645	PATY DO ALFERES	RJ
3646	PETRÓPOLIS	RJ
3647	PINHEIRAL	RJ
3648	PIRAÍ	RJ
3649	PORCIÚNCULA	RJ
3650	PORTO REAL	RJ
3651	QUATIS	RJ
3652	QUEIMADOS	RJ
3653	QUISSAMÃ	RJ
3654	RESENDE	RJ
3655	RIO BONITO	RJ
3656	RIO CLARO	RJ
3657	RIO DAS FLORES	RJ
3658	RIO DAS OSTRAS	RJ
3659	RIO DE JANEIRO	RJ
3660	SANTA MARIA MADALENA	RJ
3661	SANTO ANTÔNIO DE PÁDUA	RJ
3662	SÃO FRANCISCO DE ITABAPOANA	RJ
3663	SÃO FIDÉLIS	RJ
3664	SÃO GONÇALO	RJ
3665	SÃO JOÃO DA BARRA	RJ
3666	SÃO JOÃO DE MERITI	RJ
3667	SÃO JOSÉ DE UBÁ	RJ
3668	SÃO JOSÉ DO VALE DO RIO PRETO	RJ
3669	SÃO PEDRO DA ALDEIA	RJ
3670	SÃO SEBASTIÃO DO ALTO	RJ
3671	SAPUCAIA	RJ
3672	SAQUAREMA	RJ
3673	SEROPÉDICA	RJ
3674	SILVA JARDIM	RJ
3675	SUMIDOURO	RJ
3676	TANGUÁ	RJ
3677	TERESÓPOLIS	RJ
3678	TRAJANO DE MORAES	RJ
3679	TRÊS RIOS	RJ
3680	VALENÇA	RJ
3681	VARRE-SAI	RJ
3682	VASSOURAS	RJ
3683	VOLTA REDONDA	RJ
3684	ACARI	RN
3685	AÇU	RN
3686	AFONSO BEZERRA	RN
3687	ÁGUA NOVA	RN
3688	ALEXANDRIA	RN
3689	ALMINO AFONSO	RN
3690	ALTO DO RODRIGUES	RN
3691	ANGICOS	RN
3692	ANTÔNIO MARTINS	RN
3693	APODI	RN
3694	AREIA BRANCA	RN
3695	ARÊS	RN
3696	AUGUSTO SEVERO	RN
3697	BAÍA FORMOSA	RN
3698	BARAÚNA	RN
3699	BARCELONA	RN
3700	BENTO FERNANDES	RN
3701	BODÓ	RN
3702	BOM JESUS	RN
3703	BREJINHO	RN
3704	CAIÇARA DO NORTE	RN
3705	CAIÇARA DO RIO DO VENTO	RN
3706	CAICÓ	RN
3707	CAMPO REDONDO	RN
3708	CANGUARETAMA	RN
3709	CARAÚBAS	RN
3710	CARNAÚBA DOS DANTAS	RN
3711	CARNAUBAIS	RN
3712	CEARÁ-MIRIM	RN
3713	CERRO CORÁ	RN
3714	CORONEL EZEQUIEL	RN
3715	CORONEL JOÃO PESSOA	RN
3716	CRUZETA	RN
3717	CURRAIS NOVOS	RN
3718	DOUTOR SEVERIANO	RN
3719	PARNAMIRIM	RN
3720	ENCANTO	RN
3721	EQUADOR	RN
3722	ESPÍRITO SANTO	RN
3723	EXTREMOZ	RN
3724	FELIPE GUERRA	RN
3725	FERNANDO PEDROZA	RN
3726	FLORÂNIA	RN
3727	FRANCISCO DANTAS	RN
3728	FRUTUOSO GOMES	RN
3729	GALINHOS	RN
3730	GOIANINHA	RN
3731	GOVERNADOR DIX-SEPT ROSADO	RN
3732	GROSSOS	RN
3733	GUAMARÉ	RN
3734	IELMO MARINHO	RN
3735	IPANGUAÇU	RN
3736	IPUEIRA	RN
3737	ITAJÁ	RN
3738	ITAÚ	RN
3739	JAÇANÃ	RN
3740	JANDAÍRA	RN
3741	JANDUÍS	RN
3742	JANUÁRIO CICCO	RN
3743	JAPI	RN
3744	JARDIM DE ANGICOS	RN
3745	JARDIM DE PIRANHAS	RN
3746	JARDIM DO SERIDÓ	RN
3747	JOÃO CÂMARA	RN
3748	JOÃO DIAS	RN
3749	JOSÉ DA PENHA	RN
3750	JUCURUTU	RN
3751	JUNDIÁ	RN
3752	LAGOA D'ANTA	RN
3753	LAGOA DE PEDRAS	RN
3754	LAGOA DE VELHOS	RN
3755	LAGOA NOVA	RN
3756	LAGOA SALGADA	RN
3757	LAJES	RN
3758	LAJES PINTADAS	RN
3759	LUCRÉCIA	RN
3760	LUÍS GOMES	RN
3761	MACAÍBA	RN
3762	MACAU	RN
3763	MAJOR SALES	RN
3764	MARCELINO VIEIRA	RN
3765	MARTINS	RN
3766	MAXARANGUAPE	RN
3767	MESSIAS TARGINO	RN
3768	MONTANHAS	RN
3769	MONTE ALEGRE	RN
3770	MONTE DAS GAMELEIRAS	RN
3771	MOSSORÓ	RN
3772	NATAL	RN
3773	NÍSIA FLORESTA	RN
3774	NOVA CRUZ	RN
3775	OLHO-D'ÁGUA DO BORGES	RN
3776	OURO BRANCO	RN
3777	PARANÁ	RN
3778	PARAÚ	RN
3779	PARAZINHO	RN
3780	PARELHAS	RN
3781	RIO DO FOGO	RN
3782	PASSA E FICA	RN
3783	PASSAGEM	RN
3784	PATU	RN
3785	SANTA MARIA	RN
3786	PAU DOS FERROS	RN
3787	PEDRA GRANDE	RN
3788	PEDRA PRETA	RN
3789	PEDRO AVELINO	RN
3790	PEDRO VELHO	RN
3791	PENDÊNCIAS	RN
3792	PILÕES	RN
3793	POÇO BRANCO	RN
3794	PORTALEGRE	RN
3795	PORTO DO MANGUE	RN
3796	PRESIDENTE JUSCELINO	RN
3797	PUREZA	RN
3798	RAFAEL FERNANDES	RN
3799	RAFAEL GODEIRO	RN
3800	RIACHO DA CRUZ	RN
3801	RIACHO DE SANTANA	RN
3802	RIACHUELO	RN
3803	RODOLFO FERNANDES	RN
3804	TIBAU	RN
3805	RUY BARBOSA	RN
3806	SANTA CRUZ	RN
3807	SANTANA DO MATOS	RN
3808	SANTANA DO SERIDÓ	RN
3809	SANTO ANTÔNIO	RN
3810	SÃO BENTO DO NORTE	RN
3811	SÃO BENTO DO TRAIRÍ	RN
3812	SÃO FERNANDO	RN
3813	SÃO FRANCISCO DO OESTE	RN
3814	SÃO GONÇALO DO AMARANTE	RN
3815	SÃO JOÃO DO SABUGI	RN
3816	SÃO JOSÉ DE MIPIBU	RN
3817	SÃO JOSÉ DO CAMPESTRE	RN
3818	SÃO JOSÉ DO SERIDÓ	RN
3819	SÃO MIGUEL	RN
3820	SÃO MIGUEL DO GOSTOSO	RN
3821	SÃO PAULO DO POTENGI	RN
3822	SÃO PEDRO	RN
3823	SÃO RAFAEL	RN
3824	SÃO TOMÉ	RN
3825	SÃO VICENTE	RN
3826	SENADOR ELÓI DE SOUZA	RN
3827	SENADOR GEORGINO AVELINO	RN
3828	SERRA DE SÃO BENTO	RN
3829	SERRA DO MEL	RN
3830	SERRA NEGRA DO NORTE	RN
3831	SERRINHA	RN
3832	SERRINHA DOS PINTOS	RN
3833	SEVERIANO MELO	RN
3834	SÍTIO NOVO	RN
3835	TABOLEIRO GRANDE	RN
3836	TAIPU	RN
3837	TANGARÁ	RN
3838	TENENTE ANANIAS	RN
3839	TENENTE LAURENTINO CRUZ	RN
3840	TIBAU DO SUL	RN
3841	TIMBAÚBA DOS BATISTAS	RN
3842	TOUROS	RN
3843	TRIUNFO POTIGUAR	RN
3844	UMARIZAL	RN
3845	UPANEMA	RN
3846	VÁRZEA	RN
3847	VENHA-VER	RN
3848	VERA CRUZ	RN
3849	VIÇOSA	RN
3850	VILA FLOR	RN
3851	ACEGUÁ	RS
3852	ÁGUA SANTA	RS
3853	AGUDO	RS
3854	AJURICABA	RS
3855	ALECRIM	RS
3856	ALEGRETE	RS
3857	ALEGRIA	RS
3858	ALMIRANTE TAMANDARÉ DO SUL	RS
3859	ALPESTRE	RS
3860	ALTO ALEGRE	RS
3861	ALTO FELIZ	RS
3862	ALVORADA	RS
3863	AMARAL FERRADOR	RS
3864	AMETISTA DO SUL	RS
3865	ANDRÉ DA ROCHA	RS
3866	ANTA GORDA	RS
3867	ANTÔNIO PRADO	RS
3868	ARAMBARÉ	RS
3869	ARARICÁ	RS
3870	ARATIBA	RS
3871	ARROIO DO MEIO	RS
3872	ARROIO DO SAL	RS
3873	ARROIO DO PADRE	RS
3874	ARROIO DOS RATOS	RS
3875	ARROIO DO TIGRE	RS
3876	ARROIO GRANDE	RS
3877	ARVOREZINHA	RS
3878	AUGUSTO PESTANA	RS
3879	ÁUREA	RS
3880	BAGÉ	RS
3881	BALNEÁRIO PINHAL	RS
3882	BARÃO	RS
3883	BARÃO DE COTEGIPE	RS
3884	BARÃO DO TRIUNFO	RS
3885	BARRACÃO	RS
3886	BARRA DO GUARITA	RS
3887	BARRA DO QUARAÍ	RS
3888	BARRA DO RIBEIRO	RS
3889	BARRA DO RIO AZUL	RS
3890	BARRA FUNDA	RS
3891	BARROS CASSAL	RS
3892	BENJAMIN CONSTANT DO SUL	RS
3893	BENTO GONÇALVES	RS
3894	BOA VISTA DAS MISSÕES	RS
3895	BOA VISTA DO BURICÁ	RS
3896	BOA VISTA DO CADEADO	RS
3897	BOA VISTA DO INCRA	RS
3898	BOA VISTA DO SUL	RS
3899	BOM JESUS	RS
3900	BOM PRINCÍPIO	RS
3901	BOM PROGRESSO	RS
3902	BOM RETIRO DO SUL	RS
3903	BOQUEIRÃO DO LEÃO	RS
3904	BOSSOROCA	RS
3905	BOZANO	RS
3906	BRAGA	RS
3907	BROCHIER	RS
3908	BUTIÁ	RS
3909	CAÇAPAVA DO SUL	RS
3910	CACEQUI	RS
3911	CACHOEIRA DO SUL	RS
3912	CACHOEIRINHA	RS
3913	CACIQUE DOBLE	RS
3914	CAIBATÉ	RS
3915	CAIÇARA	RS
3916	CAMAQUÃ	RS
3917	CAMARGO	RS
3918	CAMBARÁ DO SUL	RS
3919	CAMPESTRE DA SERRA	RS
3920	CAMPINA DAS MISSÕES	RS
3921	CAMPINAS DO SUL	RS
3922	CAMPO BOM	RS
3923	CAMPO NOVO	RS
3924	CAMPOS BORGES	RS
3925	CANDELÁRIA	RS
3926	CÂNDIDO GODÓI	RS
3927	CANDIOTA	RS
3928	CANELA	RS
3929	CANGUÇU	RS
3930	CANOAS	RS
3931	CANUDOS DO VALE	RS
3932	CAPÃO BONITO DO SUL	RS
3933	CAPÃO DA CANOA	RS
3934	CAPÃO DO CIPÓ	RS
3935	CAPÃO DO LEÃO	RS
3936	CAPIVARI DO SUL	RS
3937	CAPELA DE SANTANA	RS
3938	CAPITÃO	RS
3939	CARAZINHO	RS
3940	CARAÁ	RS
3941	CARLOS BARBOSA	RS
3942	CARLOS GOMES	RS
3943	CASCA	RS
3944	CASEIROS	RS
3945	CATUÍPE	RS
3946	CAXIAS DO SUL	RS
3947	CENTENÁRIO	RS
3948	CERRITO	RS
3949	CERRO BRANCO	RS
3950	CERRO GRANDE	RS
3951	CERRO GRANDE DO SUL	RS
3952	CERRO LARGO	RS
3953	CHAPADA	RS
3954	CHARQUEADAS	RS
3955	CHARRUA	RS
3956	CHIAPETTA	RS
3957	CHUÍ	RS
3958	CHUVISCA	RS
3959	CIDREIRA	RS
3960	CIRÍACO	RS
3961	COLINAS	RS
3962	COLORADO	RS
3963	CONDOR	RS
3964	CONSTANTINA	RS
3965	COQUEIRO BAIXO	RS
3966	COQUEIROS DO SUL	RS
3967	CORONEL BARROS	RS
3968	CORONEL BICACO	RS
3969	CORONEL PILAR	RS
3970	COTIPORÃ	RS
3971	COXILHA	RS
3972	CRISSIUMAL	RS
3973	CRISTAL	RS
3974	CRISTAL DO SUL	RS
3975	CRUZ ALTA	RS
3976	CRUZALTENSE	RS
3977	CRUZEIRO DO SUL	RS
3978	DAVID CANABARRO	RS
3979	DERRUBADAS	RS
3980	DEZESSEIS DE NOVEMBRO	RS
3981	DILERMANDO DE AGUIAR	RS
3982	DOIS IRMÃOS	RS
3983	DOIS IRMÃOS DAS MISSÕES	RS
3984	DOIS LAJEADOS	RS
3985	DOM FELICIANO	RS
3986	DOM PEDRO DE ALCÂNTARA	RS
3987	DOM PEDRITO	RS
3988	DONA FRANCISCA	RS
3989	DOUTOR MAURÍCIO CARDOSO	RS
3990	DOUTOR RICARDO	RS
3991	ELDORADO DO SUL	RS
3992	ENCANTADO	RS
3993	ENCRUZILHADA DO SUL	RS
3994	ENGENHO VELHO	RS
3995	ENTRE-IJUÍS	RS
3996	ENTRE RIOS DO SUL	RS
3997	EREBANGO	RS
3998	ERECHIM	RS
3999	ERNESTINA	RS
4000	HERVAL	RS
4001	ERVAL GRANDE	RS
4002	ERVAL SECO	RS
4003	ESMERALDA	RS
4004	ESPERANÇA DO SUL	RS
4005	ESPUMOSO	RS
4006	ESTAÇÃO	RS
4007	ESTÂNCIA VELHA	RS
4008	ESTEIO	RS
4009	ESTRELA	RS
4010	ESTRELA VELHA	RS
4011	EUGÊNIO DE CASTRO	RS
4012	FAGUNDES VARELA	RS
4013	FARROUPILHA	RS
4014	FAXINAL DO SOTURNO	RS
4015	FAXINALZINHO	RS
4016	FAZENDA VILANOVA	RS
4017	FELIZ	RS
4018	FLORES DA CUNHA	RS
4019	FLORIANO PEIXOTO	RS
4020	FONTOURA XAVIER	RS
4021	FORMIGUEIRO	RS
4022	FORQUETINHA	RS
4023	FORTALEZA DOS VALOS	RS
4024	FREDERICO WESTPHALEN	RS
4025	GARIBALDI	RS
4026	GARRUCHOS	RS
4027	GAURAMA	RS
4028	GENERAL CÂMARA	RS
4029	GENTIL	RS
4030	GETÚLIO VARGAS	RS
4031	GIRUÁ	RS
4032	GLORINHA	RS
4033	GRAMADO	RS
4034	GRAMADO DOS LOUREIROS	RS
4035	GRAMADO XAVIER	RS
4036	GRAVATAÍ	RS
4037	GUABIJU	RS
4038	GUAÍBA	RS
4039	GUAPORÉ	RS
4040	GUARANI DAS MISSÕES	RS
4041	HARMONIA	RS
4042	HERVEIRAS	RS
4043	HORIZONTINA	RS
4044	HULHA NEGRA	RS
4045	HUMAITÁ	RS
4046	IBARAMA	RS
4047	IBIAÇÁ	RS
4048	IBIRAIARAS	RS
4049	IBIRAPUITÃ	RS
4050	IBIRUBÁ	RS
4051	IGREJINHA	RS
4052	IJUÍ	RS
4053	ILÓPOLIS	RS
4054	IMBÉ	RS
4055	IMIGRANTE	RS
4056	INDEPENDÊNCIA	RS
4057	INHACORÁ	RS
4058	IPÊ	RS
4059	IPIRANGA DO SUL	RS
4060	IRAÍ	RS
4061	ITAARA	RS
4062	ITACURUBI	RS
4063	ITAPUCA	RS
4064	ITAQUI	RS
4065	ITATI	RS
4066	ITATIBA DO SUL	RS
4067	IVORÁ	RS
4068	IVOTI	RS
4069	JABOTICABA	RS
4070	JACUIZINHO	RS
4071	JACUTINGA	RS
4072	JAGUARÃO	RS
4073	JAGUARI	RS
4074	JAQUIRANA	RS
4075	JARI	RS
4076	JÓIA	RS
4077	JÚLIO DE CASTILHOS	RS
4078	LAGOA BONITA DO SUL	RS
4079	LAGOÃO	RS
4080	LAGOA DOS TRÊS CANTOS	RS
4081	LAGOA VERMELHA	RS
4082	LAJEADO	RS
4083	LAJEADO DO BUGRE	RS
4084	LAVRAS DO SUL	RS
4085	LIBERATO SALZANO	RS
4086	LINDOLFO COLLOR	RS
4087	LINHA NOVA	RS
4088	MACHADINHO	RS
4089	MAÇAMBARÁ	RS
4090	MAMPITUBA	RS
4091	MANOEL VIANA	RS
4092	MAQUINÉ	RS
4093	MARATÁ	RS
4094	MARAU	RS
4095	MARCELINO RAMOS	RS
4096	MARIANA PIMENTEL	RS
4097	MARIANO MORO	RS
4098	MARQUES DE SOUZA	RS
4099	MATA	RS
4100	MATO CASTELHANO	RS
4101	MATO LEITÃO	RS
4102	MATO QUEIMADO	RS
4103	MAXIMILIANO DE ALMEIDA	RS
4104	MINAS DO LEÃO	RS
4105	MIRAGUAÍ	RS
4106	MONTAURI	RS
4107	MONTE ALEGRE DOS CAMPOS	RS
4108	MONTE BELO DO SUL	RS
4109	MONTENEGRO	RS
4110	MORMAÇO	RS
4111	MORRINHOS DO SUL	RS
4112	MORRO REDONDO	RS
4113	MORRO REUTER	RS
4114	MOSTARDAS	RS
4115	MUÇUM	RS
4116	MUITOS CAPÕES	RS
4117	MULITERNO	RS
4118	NÃO-ME-TOQUE	RS
4119	NICOLAU VERGUEIRO	RS
4120	NONOAI	RS
4121	NOVA ALVORADA	RS
4122	NOVA ARAÇÁ	RS
4123	NOVA BASSANO	RS
4124	NOVA BOA VISTA	RS
4125	NOVA BRÉSCIA	RS
4126	NOVA CANDELÁRIA	RS
4127	NOVA ESPERANÇA DO SUL	RS
4128	NOVA HARTZ	RS
4129	NOVA PÁDUA	RS
4130	NOVA PALMA	RS
4131	NOVA PETRÓPOLIS	RS
4132	NOVA PRATA	RS
4133	NOVA RAMADA	RS
4134	NOVA ROMA DO SUL	RS
4135	NOVA SANTA RITA	RS
4136	NOVO CABRAIS	RS
4137	NOVO HAMBURGO	RS
4138	NOVO MACHADO	RS
4139	NOVO TIRADENTES	RS
4140	NOVO XINGU	RS
4141	NOVO BARREIRO	RS
4142	OSÓRIO	RS
4143	PAIM FILHO	RS
4144	PALMARES DO SUL	RS
4145	PALMEIRA DAS MISSÕES	RS
4146	PALMITINHO	RS
4147	PANAMBI	RS
4148	PANTANO GRANDE	RS
4149	PARAÍ	RS
4150	PARAÍSO DO SUL	RS
4151	PARECI NOVO	RS
4152	PAROBÉ	RS
4153	PASSA SETE	RS
4154	PASSO DO SOBRADO	RS
4155	PASSO FUNDO	RS
4156	PAULO BENTO	RS
4157	PAVERAMA	RS
4158	PEDRAS ALTAS	RS
4159	PEDRO OSÓRIO	RS
4160	PEJUÇARA	RS
4161	PELOTAS	RS
4162	PICADA CAFÉ	RS
4163	PINHAL	RS
4164	PINHAL DA SERRA	RS
4165	PINHAL GRANDE	RS
4166	PINHEIRINHO DO VALE	RS
4167	PINHEIRO MACHADO	RS
4168	PIRAPÓ	RS
4169	PIRATINI	RS
4170	PLANALTO	RS
4171	POÇO DAS ANTAS	RS
4172	PONTÃO	RS
4173	PONTE PRETA	RS
4174	PORTÃO	RS
4175	PORTO ALEGRE	RS
4176	PORTO LUCENA	RS
4177	PORTO MAUÁ	RS
4178	PORTO VERA CRUZ	RS
4179	PORTO XAVIER	RS
4180	POUSO NOVO	RS
4181	PRESIDENTE LUCENA	RS
4182	PROGRESSO	RS
4183	PROTÁSIO ALVES	RS
4184	PUTINGA	RS
4185	QUARAÍ	RS
4186	QUATRO IRMÃOS	RS
4187	QUEVEDOS	RS
4188	QUINZE DE NOVEMBRO	RS
4189	REDENTORA	RS
4190	RELVADO	RS
4191	RESTINGA SECA	RS
4192	RIO DOS ÍNDIOS	RS
4193	RIO GRANDE	RS
4194	RIO PARDO	RS
4195	RIOZINHO	RS
4196	ROCA SALES	RS
4197	RODEIO BONITO	RS
4198	ROLADOR	RS
4199	ROLANTE	RS
4200	RONDA ALTA	RS
4201	RONDINHA	RS
4202	ROQUE GONZALES	RS
4203	ROSÁRIO DO SUL	RS
4204	SAGRADA FAMÍLIA	RS
4205	SALDANHA MARINHO	RS
4206	SALTO DO JACUÍ	RS
4207	SALVADOR DAS MISSÕES	RS
4208	SALVADOR DO SUL	RS
4209	SANANDUVA	RS
4210	SANTA BÁRBARA DO SUL	RS
4211	SANTA CECÍLIA DO SUL	RS
4212	SANTA CLARA DO SUL	RS
4213	SANTA CRUZ DO SUL	RS
4214	SANTA MARIA	RS
4215	SANTA MARIA DO HERVAL	RS
4216	SANTA MARGARIDA DO SUL	RS
4217	SANTANA DA BOA VISTA	RS
4218	SANT'ANA DO LIVRAMENTO	RS
4219	SANTA ROSA	RS
4220	SANTA TEREZA	RS
4221	SANTA VITÓRIA DO PALMAR	RS
4222	SANTIAGO	RS
4223	SANTO ÂNGELO	RS
4224	SANTO ANTÔNIO DO PALMA	RS
4225	SANTO ANTÔNIO DA PATRULHA	RS
4226	SANTO ANTÔNIO DAS MISSÕES	RS
4227	SANTO ANTÔNIO DO PLANALTO	RS
4228	SANTO AUGUSTO	RS
4229	SANTO CRISTO	RS
4230	SANTO EXPEDITO DO SUL	RS
4231	SÃO BORJA	RS
4232	SÃO DOMINGOS DO SUL	RS
4233	SÃO FRANCISCO DE ASSIS	RS
4234	SÃO FRANCISCO DE PAULA	RS
4235	SÃO GABRIEL	RS
4236	SÃO JERÔNIMO	RS
4237	SÃO JOÃO DA URTIGA	RS
4238	SÃO JOÃO DO POLÊSINE	RS
4239	SÃO JORGE	RS
4240	SÃO JOSÉ DAS MISSÕES	RS
4241	SÃO JOSÉ DO HERVAL	RS
4242	SÃO JOSÉ DO HORTÊNCIO	RS
4243	SÃO JOSÉ DO INHACORÁ	RS
4244	SÃO JOSÉ DO NORTE	RS
4245	SÃO JOSÉ DO OURO	RS
4246	SÃO JOSÉ DO SUL	RS
4247	SÃO JOSÉ DOS AUSENTES	RS
4248	SÃO LEOPOLDO	RS
4249	SÃO LOURENÇO DO SUL	RS
4250	SÃO LUIZ GONZAGA	RS
4251	SÃO MARCOS	RS
4252	SÃO MARTINHO	RS
4253	SÃO MARTINHO DA SERRA	RS
4254	SÃO MIGUEL DAS MISSÕES	RS
4255	SÃO NICOLAU	RS
4256	SÃO PAULO DAS MISSÕES	RS
4257	SÃO PEDRO DA SERRA	RS
4258	SÃO PEDRO DAS MISSÕES	RS
4259	SÃO PEDRO DO BUTIÁ	RS
4260	SÃO PEDRO DO SUL	RS
4261	SÃO SEBASTIÃO DO CAÍ	RS
4262	SÃO SEPÉ	RS
4263	SÃO VALENTIM	RS
4264	SÃO VALENTIM DO SUL	RS
4265	SÃO VALÉRIO DO SUL	RS
4266	SÃO VENDELINO	RS
4267	SÃO VICENTE DO SUL	RS
4268	SAPIRANGA	RS
4269	SAPUCAIA DO SUL	RS
4270	SARANDI	RS
4271	SEBERI	RS
4272	SEDE NOVA	RS
4273	SEGREDO	RS
4275	SENADOR SALGADO FILHO	RS
4276	SENTINELA DO SUL	RS
4277	SERAFINA CORRÊA	RS
4278	SÉRIO	RS
4279	SERTÃO	RS
4280	SERTÃO SANTANA	RS
4281	SETE DE SETEMBRO	RS
4282	SEVERIANO DE ALMEIDA	RS
4283	SILVEIRA MARTINS	RS
4284	SINIMBU	RS
4285	SOBRADINHO	RS
4286	SOLEDADE	RS
4287	TABAÍ	RS
4288	TAPEJARA	RS
4289	TAPERA	RS
4290	TAPES	RS
4291	TAQUARA	RS
4292	TAQUARI	RS
4293	TAQUARUÇU DO SUL	RS
4294	TAVARES	RS
4295	TENENTE PORTELA	RS
4296	TERRA DE AREIA	RS
4297	TEUTÔNIA	RS
4298	TIO HUGO	RS
4299	TIRADENTES DO SUL	RS
4300	TOROPI	RS
4301	TORRES	RS
4302	TRAMANDAÍ	RS
4303	TRAVESSEIRO	RS
4304	TRÊS ARROIOS	RS
4305	TRÊS CACHOEIRAS	RS
4306	TRÊS COROAS	RS
4307	TRÊS DE MAIO	RS
4308	TRÊS FORQUILHAS	RS
4309	TRÊS PALMEIRAS	RS
4310	TRÊS PASSOS	RS
4311	TRINDADE DO SUL	RS
4312	TRIUNFO	RS
4313	TUCUNDUVA	RS
4314	TUNAS	RS
4315	TUPANCI DO SUL	RS
4316	TUPANCIRETÃ	RS
4317	TUPANDI	RS
4318	TUPARENDI	RS
4319	TURUÇU	RS
4320	UBIRETAMA	RS
4321	UNIÃO DA SERRA	RS
4322	UNISTALDA	RS
4323	URUGUAIANA	RS
4324	VACARIA	RS
4325	VALE VERDE	RS
4326	VALE DO SOL	RS
4327	VALE REAL	RS
4328	VANINI	RS
4329	VENÂNCIO AIRES	RS
4330	VERA CRUZ	RS
4331	VERANÓPOLIS	RS
4332	VESPASIANO CORREA	RS
4333	VIADUTOS	RS
4334	VIAMÃO	RS
4335	VICENTE DUTRA	RS
4336	VICTOR GRAEFF	RS
4337	VILA FLORES	RS
4338	VILA LÂNGARO	RS
4339	VILA MARIA	RS
4340	VILA NOVA DO SUL	RS
4341	VISTA ALEGRE	RS
4342	VISTA ALEGRE DO PRATA	RS
4343	VISTA GAÚCHA	RS
4344	VITÓRIA DAS MISSÕES	RS
4345	WESTFALIA	RS
4346	XANGRI-LÁ	RS
4347	ALTA FLORESTA D'OESTE	RO
4348	ARIQUEMES	RO
4349	CABIXI	RO
4350	CACOAL	RO
4351	CEREJEIRAS	RO
4352	COLORADO DO OESTE	RO
4353	CORUMBIARA	RO
4354	COSTA MARQUES	RO
4355	ESPIGÃO D'OESTE	RO
4356	GUAJARÁ-MIRIM	RO
4357	JARU	RO
4358	JI-PARANÁ	RO
4359	MACHADINHO D'OESTE	RO
4360	NOVA BRASILÂNDIA D'OESTE	RO
4361	OURO PRETO DO OESTE	RO
4362	PIMENTA BUENO	RO
4363	PORTO VELHO	RO
4364	PRESIDENTE MÉDICI	RO
4365	RIO CRESPO	RO
4366	ROLIM DE MOURA	RO
4367	SANTA LUZIA D'OESTE	RO
4368	VILHENA	RO
4369	SÃO MIGUEL DO GUAPORÉ	RO
4370	NOVA MAMORÉ	RO
4371	ALVORADA D'OESTE	RO
4372	ALTO ALEGRE DOS PARECIS	RO
4373	ALTO PARAÍSO	RO
4374	BURITIS	RO
4375	NOVO HORIZONTE DO OESTE	RO
4376	CACAULÂNDIA	RO
4377	CAMPO NOVO DE RONDÔNIA	RO
4378	CANDEIAS DO JAMARI	RO
4379	CASTANHEIRAS	RO
4380	CHUPINGUAIA	RO
4381	CUJUBIM	RO
4382	GOVERNADOR JORGE TEIXEIRA	RO
4383	ITAPUÃ DO OESTE	RO
4384	MINISTRO ANDREAZZA	RO
4385	MIRANTE DA SERRA	RO
4386	MONTE NEGRO	RO
4387	NOVA UNIÃO	RO
4388	PARECIS	RO
4389	PIMENTEIRAS DO OESTE	RO
4390	PRIMAVERA DE RONDÔNIA	RO
4391	SÃO FELIPE D'OESTE	RO
4392	SÃO FRANCISCO DO GUAPORÉ	RO
4393	SERINGUEIRAS	RO
4394	TEIXEIRÓPOLIS	RO
4395	THEOBROMA	RO
4396	URUPÁ	RO
4397	VALE DO ANARI	RO
4398	VALE DO PARAÍSO	RO
4399	AMAJARI	RR
4400	ALTO ALEGRE	RR
4401	BOA VISTA	RR
4402	BONFIM	RR
4403	CANTÁ	RR
4404	CARACARAÍ	RR
4405	CAROEBE	RR
4406	IRACEMA	RR
4407	MUCAJAÍ	RR
4408	NORMANDIA	RR
4409	PACARAIMA	RR
4410	RORAINÓPOLIS	RR
4411	SÃO JOÃO DA BALIZA	RR
4412	SÃO LUIZ	RR
4413	UIRAMUTÃ	RR
4414	ABDON BATISTA	SC
4415	ABELARDO LUZ	SC
4416	AGROLÂNDIA	SC
4417	AGRONÔMICA	SC
4418	ÁGUA DOCE	SC
4419	ÁGUAS DE CHAPECÓ	SC
4420	ÁGUAS FRIAS	SC
4421	ÁGUAS MORNAS	SC
4422	ALFREDO WAGNER	SC
4423	ALTO BELA VISTA	SC
4424	ANCHIETA	SC
4425	ANGELINA	SC
4426	ANITA GARIBALDI	SC
4427	ANITÁPOLIS	SC
4428	ANTÔNIO CARLOS	SC
4429	APIÚNA	SC
4430	ARABUTÃ	SC
4431	ARAQUARI	SC
4432	ARARANGUÁ	SC
4434	ARROIO TRINTA	SC
4435	ARVOREDO	SC
4436	ASCURRA	SC
4437	ATALANTA	SC
4438	AURORA	SC
4439	BALNEÁRIO ARROIO DO SILVA	SC
4440	BALNEÁRIO CAMBORIÚ	SC
4441	BALNEÁRIO BARRA DO SUL	SC
4442	BALNEÁRIO GAIVOTA	SC
4443	BANDEIRANTE	SC
4444	BARRA BONITA	SC
4445	BARRA VELHA	SC
4446	BELA VISTA DO TOLDO	SC
4447	BELMONTE	SC
4448	BENEDITO NOVO	SC
4449	BIGUAÇU	SC
4450	BLUMENAU	SC
4451	BOCAINA DO SUL	SC
4452	BOMBINHAS	SC
4453	BOM JARDIM DA SERRA	SC
4454	BOM JESUS	SC
4455	BOM JESUS DO OESTE	SC
4456	BOM RETIRO	SC
4457	BOTUVERÁ	SC
4458	BRAÇO DO NORTE	SC
4459	BRAÇO DO TROMBUDO	SC
4460	BRUNÓPOLIS	SC
4461	BRUSQUE	SC
4462	CAÇADOR	SC
4463	CAIBI	SC
4464	CALMON	SC
4465	CAMBORIÚ	SC
4466	CAPÃO ALTO	SC
4467	CAMPO ALEGRE	SC
4468	CAMPO BELO DO SUL	SC
4469	CAMPO ERÊ	SC
4470	CAMPOS NOVOS	SC
4471	CANELINHA	SC
4472	CANOINHAS	SC
4473	CAPINZAL	SC
4474	CAPIVARI DE BAIXO	SC
4475	CATANDUVAS	SC
4476	CAXAMBU DO SUL	SC
4477	CELSO RAMOS	SC
4478	CERRO NEGRO	SC
4479	CHAPADÃO DO LAGEADO	SC
4480	CHAPECÓ	SC
4481	COCAL DO SUL	SC
4482	CONCÓRDIA	SC
4483	CORDILHEIRA ALTA	SC
4484	CORONEL FREITAS	SC
4485	CORONEL MARTINS	SC
4486	CORUPÁ	SC
4487	CORREIA PINTO	SC
4488	CRICIÚMA	SC
4489	CUNHA PORÃ	SC
4490	CUNHATAÍ	SC
4491	CURITIBANOS	SC
4492	DESCANSO	SC
4493	DIONÍSIO CERQUEIRA	SC
4494	DONA EMMA	SC
4495	DOUTOR PEDRINHO	SC
4496	ENTRE RIOS	SC
4497	ERMO	SC
4498	ERVAL VELHO	SC
4499	FAXINAL DOS GUEDES	SC
4500	FLOR DO SERTÃO	SC
4501	FLORIANÓPOLIS	SC
4502	FORMOSA DO SUL	SC
4503	FORQUILHINHA	SC
4504	FRAIBURGO	SC
4505	FREI ROGÉRIO	SC
4506	GALVÃO	SC
4507	GAROPABA	SC
4508	GARUVA	SC
4509	GASPAR	SC
4510	GOVERNADOR CELSO RAMOS	SC
4511	GRÃO PARÁ	SC
4512	GRAVATAL	SC
4513	GUABIRUBA	SC
4514	GUARACIABA	SC
4515	GUARAMIRIM	SC
4516	GUARUJÁ DO SUL	SC
4517	GUATAMBÚ	SC
4518	HERVAL D'OESTE	SC
4519	IBIAM	SC
4520	IBICARÉ	SC
4521	IBIRAMA	SC
4522	IÇARA	SC
4523	ILHOTA	SC
4524	IMARUÍ	SC
4525	IMBITUBA	SC
4526	IMBUIA	SC
4527	INDAIAL	SC
4528	IOMERÊ	SC
4529	IPIRA	SC
4530	IPORÃ DO OESTE	SC
4531	IPUAÇU	SC
4532	IPUMIRIM	SC
4533	IRACEMINHA	SC
4534	IRANI	SC
4535	IRATI	SC
4536	IRINEÓPOLIS	SC
4537	ITÁ	SC
4538	ITAIÓPOLIS	SC
4539	ITAJAÍ	SC
4540	ITAPEMA	SC
4541	ITAPIRANGA	SC
4542	ITAPOÁ	SC
4543	ITUPORANGA	SC
4544	JABORÁ	SC
4545	JACINTO MACHADO	SC
4546	JAGUARUNA	SC
4547	JARAGUÁ DO SUL	SC
4548	JARDINÓPOLIS	SC
4549	JOAÇABA	SC
4550	JOINVILLE	SC
4551	JOSÉ BOITEUX	SC
4552	JUPIÁ	SC
4553	LACERDÓPOLIS	SC
4554	LAGES	SC
4555	LAGUNA	SC
4556	LAJEADO GRANDE	SC
4557	LAURENTINO	SC
4558	LAURO MULLER	SC
4559	LEBON RÉGIS	SC
4560	LEOBERTO LEAL	SC
4561	LINDÓIA DO SUL	SC
4562	LONTRAS	SC
4563	LUIZ ALVES	SC
4564	LUZERNA	SC
4565	MACIEIRA	SC
4566	MAFRA	SC
4567	MAJOR GERCINO	SC
4568	MAJOR VIEIRA	SC
4569	MARACAJÁ	SC
4570	MARAVILHA	SC
4571	MAREMA	SC
4572	MASSARANDUBA	SC
4573	MATOS COSTA	SC
4574	MELEIRO	SC
4575	MIRIM DOCE	SC
4576	MODELO	SC
4577	MONDAÍ	SC
4578	MONTE CARLO	SC
4579	MONTE CASTELO	SC
4580	MORRO DA FUMAÇA	SC
4581	MORRO GRANDE	SC
4582	NAVEGANTES	SC
4583	NOVA ERECHIM	SC
4584	NOVA ITABERABA	SC
4585	NOVA TRENTO	SC
4586	NOVA VENEZA	SC
4587	NOVO HORIZONTE	SC
4588	ORLEANS	SC
4589	OTACÍLIO COSTA	SC
4590	OURO	SC
4591	OURO VERDE	SC
4592	PAIAL	SC
4593	PAINEL	SC
4594	PALHOÇA	SC
4595	PALMA SOLA	SC
4596	PALMEIRA	SC
4597	PALMITOS	SC
4598	PAPANDUVA	SC
4599	PARAÍSO	SC
4600	PASSO DE TORRES	SC
4601	PASSOS MAIA	SC
4602	PAULO LOPES	SC
4603	PEDRAS GRANDES	SC
4604	PENHA	SC
4605	PERITIBA	SC
4606	PETROLÂNDIA	SC
4607	BALNEÁRIO PIÇARRAS	SC
4608	PINHALZINHO	SC
4609	PINHEIRO PRETO	SC
4610	PIRATUBA	SC
4611	PLANALTO ALEGRE	SC
4612	POMERODE	SC
4613	PONTE ALTA	SC
4614	PONTE ALTA DO NORTE	SC
4615	PONTE SERRADA	SC
4616	PORTO BELO	SC
4617	PORTO UNIÃO	SC
4618	POUSO REDONDO	SC
4619	PRAIA GRANDE	SC
4620	PRESIDENTE CASTELLO BRANCO	SC
4621	PRESIDENTE GETÚLIO	SC
4622	PRESIDENTE NEREU	SC
4623	PRINCESA	SC
4624	QUILOMBO	SC
4625	RANCHO QUEIMADO	SC
4626	RIO DAS ANTAS	SC
4627	RIO DO CAMPO	SC
4628	RIO DO OESTE	SC
4629	RIO DOS CEDROS	SC
4630	RIO DO SUL	SC
4631	RIO FORTUNA	SC
4632	RIO NEGRINHO	SC
4633	RIO RUFINO	SC
4634	RIQUEZA	SC
4635	RODEIO	SC
4636	ROMELÂNDIA	SC
4637	SALETE	SC
4638	SALTINHO	SC
4639	SALTO VELOSO	SC
4640	SANGÃO	SC
4641	SANTA CECÍLIA	SC
4642	SANTA HELENA	SC
4643	SANTA ROSA DE LIMA	SC
4644	SANTA ROSA DO SUL	SC
4645	SANTA TEREZINHA	SC
4646	SANTA TEREZINHA DO PROGRESSO	SC
4647	SANTIAGO DO SUL	SC
4648	SANTO AMARO DA IMPERATRIZ	SC
4649	SÃO BERNARDINO	SC
4650	SÃO BENTO DO SUL	SC
4651	SÃO BONIFÁCIO	SC
4652	SÃO CARLOS	SC
4653	SÃO CRISTOVÃO DO SUL	SC
4654	SÃO DOMINGOS	SC
4655	SÃO FRANCISCO DO SUL	SC
4656	SÃO JOÃO DO OESTE	SC
4657	SÃO JOÃO BATISTA	SC
4658	SÃO JOÃO DO ITAPERIÚ	SC
4659	SÃO JOÃO DO SUL	SC
4660	SÃO JOAQUIM	SC
4661	SÃO JOSÉ	SC
4662	SÃO JOSÉ DO CEDRO	SC
4663	SÃO JOSÉ DO CERRITO	SC
4664	SÃO LOURENÇO DO OESTE	SC
4665	SÃO LUDGERO	SC
4666	SÃO MARTINHO	SC
4667	SÃO MIGUEL DA BOA VISTA	SC
4668	SÃO MIGUEL DO OESTE	SC
4669	SÃO PEDRO DE ALCÂNTARA	SC
4670	SAUDADES	SC
4671	SCHROEDER	SC
4672	SEARA	SC
4673	SERRA ALTA	SC
4674	SIDERÓPOLIS	SC
4675	SOMBRIO	SC
4676	SUL BRASIL	SC
4677	TAIÓ	SC
4678	TANGARÁ	SC
4679	TIGRINHOS	SC
4680	TIJUCAS	SC
4681	TIMBÉ DO SUL	SC
4682	TIMBÓ	SC
4683	TIMBÓ GRANDE	SC
4684	TRÊS BARRAS	SC
4685	TREVISO	SC
4686	TREZE DE MAIO	SC
4687	TREZE TÍLIAS	SC
4688	TROMBUDO CENTRAL	SC
4689	TUBARÃO	SC
4690	TUNÁPOLIS	SC
4691	TURVO	SC
4692	UNIÃO DO OESTE	SC
4693	URUBICI	SC
4694	URUPEMA	SC
4695	URUSSANGA	SC
4696	VARGEÃO	SC
4697	VARGEM	SC
4698	VARGEM BONITA	SC
4699	VIDAL RAMOS	SC
4700	VIDEIRA	SC
4701	VITOR MEIRELES	SC
4702	WITMARSUM	SC
4703	XANXERÊ	SC
4704	XAVANTINA	SC
4705	XAXIM	SC
4706	ZORTÉA	SC
4707	ADAMANTINA	SP
4708	ADOLFO	SP
4709	AGUAÍ	SP
4710	ÁGUAS DA PRATA	SP
4711	ÁGUAS DE LINDÓIA	SP
4712	ÁGUAS DE SANTA BÁRBARA	SP
4713	ÁGUAS DE SÃO PEDRO	SP
4714	AGUDOS	SP
4715	ALAMBARI	SP
4716	ALFREDO MARCONDES	SP
4717	ALTAIR	SP
4718	ALTINÓPOLIS	SP
4719	ALTO ALEGRE	SP
4720	ALUMÍNIO	SP
4721	ÁLVARES FLORENCE	SP
4722	ÁLVARES MACHADO	SP
4723	ÁLVARO DE CARVALHO	SP
4724	ALVINLÂNDIA	SP
4725	AMERICANA	SP
4726	AMÉRICO BRASILIENSE	SP
4727	AMÉRICO DE CAMPOS	SP
4728	AMPARO	SP
4729	ANALÂNDIA	SP
4730	ANDRADINA	SP
4731	ANGATUBA	SP
4732	ANHEMBI	SP
4733	ANHUMAS	SP
4734	APARECIDA	SP
4735	APARECIDA D'OESTE	SP
4736	APIAÍ	SP
4737	ARAÇARIGUAMA	SP
4738	ARAÇATUBA	SP
4739	ARAÇOIABA DA SERRA	SP
4740	ARAMINA	SP
4741	ARANDU	SP
4742	ARAPEÍ	SP
4743	ARARAQUARA	SP
4744	ARARAS	SP
4745	ARCO-ÍRIS	SP
4746	AREALVA	SP
4747	AREIAS	SP
4748	AREIÓPOLIS	SP
4749	ARIRANHA	SP
4750	ARTUR NOGUEIRA	SP
4751	ARUJÁ	SP
4752	ASPÁSIA	SP
4753	ASSIS	SP
4754	ATIBAIA	SP
4755	AURIFLAMA	SP
4757	AVANHANDAVA	SP
4758	AVARÉ	SP
4759	BADY BASSITT	SP
4760	BALBINOS	SP
4761	BÁLSAMO	SP
4762	BANANAL	SP
4763	BARÃO DE ANTONINA	SP
4764	BARBOSA	SP
4765	BARIRI	SP
4766	BARRA BONITA	SP
4767	BARRA DO CHAPÉU	SP
4768	BARRA DO TURVO	SP
4769	BARRETOS	SP
4770	BARRINHA	SP
4771	BARUERI	SP
4772	BASTOS	SP
4773	BATATAIS	SP
4774	BAURU	SP
4775	BEBEDOURO	SP
4776	BENTO DE ABREU	SP
4777	BERNARDINO DE CAMPOS	SP
4778	BERTIOGA	SP
4779	BILAC	SP
4780	BIRIGUI	SP
4781	BIRITIBA-MIRIM	SP
4782	BOA ESPERANÇA DO SUL	SP
4783	BOCAINA	SP
4784	BOFETE	SP
4785	BOITUVA	SP
4786	BOM JESUS DOS PERDÕES	SP
4787	BOM SUCESSO DE ITARARÉ	SP
4788	BORÁ	SP
4789	BORACÉIA	SP
4790	BORBOREMA	SP
4791	BOREBI	SP
4792	BOTUCATU	SP
4793	BRAGANÇA PAULISTA	SP
4794	BRAÚNA	SP
4795	BREJO ALEGRE	SP
4796	BRODOWSKI	SP
4797	BROTAS	SP
4798	BURI	SP
4799	BURITAMA	SP
4800	BURITIZAL	SP
4801	CABRÁLIA PAULISTA	SP
4802	CABREÚVA	SP
4803	CAÇAPAVA	SP
4804	CACHOEIRA PAULISTA	SP
4805	CACONDE	SP
4806	CAFELÂNDIA	SP
4807	CAIABU	SP
4808	CAIEIRAS	SP
4809	CAIUÁ	SP
4810	CAJAMAR	SP
4811	CAJATI	SP
4812	CAJOBI	SP
4813	CAJURU	SP
4814	CAMPINA DO MONTE ALEGRE	SP
4815	CAMPINAS	SP
4816	CAMPO LIMPO PAULISTA	SP
4817	CAMPOS DO JORDÃO	SP
4818	CAMPOS NOVOS PAULISTA	SP
4819	CANANÉIA	SP
4820	CANAS	SP
4821	CÂNDIDO MOTA	SP
4822	CÂNDIDO RODRIGUES	SP
4823	CANITAR	SP
4824	CAPÃO BONITO	SP
4825	CAPELA DO ALTO	SP
4826	CAPIVARI	SP
4827	CARAGUATATUBA	SP
4828	CARAPICUÍBA	SP
4829	CARDOSO	SP
4830	CASA BRANCA	SP
4831	CÁSSIA DOS COQUEIROS	SP
4832	CASTILHO	SP
4833	CATANDUVA	SP
4834	CATIGUÁ	SP
4835	CEDRAL	SP
4836	CERQUEIRA CÉSAR	SP
4837	CERQUILHO	SP
4838	CESÁRIO LANGE	SP
4839	CHARQUEADA	SP
4840	CLEMENTINA	SP
4841	COLINA	SP
4842	COLÔMBIA	SP
4843	CONCHAL	SP
4844	CONCHAS	SP
4845	CORDEIRÓPOLIS	SP
4846	COROADOS	SP
4847	CORONEL MACEDO	SP
4848	CORUMBATAÍ	SP
4849	COSMÓPOLIS	SP
4850	COSMORAMA	SP
4851	COTIA	SP
4852	CRAVINHOS	SP
4853	CRISTAIS PAULISTA	SP
4854	CRUZÁLIA	SP
4855	CRUZEIRO	SP
4856	CUBATÃO	SP
4857	CUNHA	SP
4858	DESCALVADO	SP
4859	DIADEMA	SP
4860	DIRCE REIS	SP
4861	DIVINOLÂNDIA	SP
4862	DOBRADA	SP
4863	DOIS CÓRREGOS	SP
4864	DOLCINÓPOLIS	SP
4865	DOURADO	SP
4866	DRACENA	SP
4867	DUARTINA	SP
4868	DUMONT	SP
4869	ECHAPORÃ	SP
4870	ELDORADO	SP
4871	ELIAS FAUSTO	SP
4872	ELISIÁRIO	SP
4873	EMBAÚBA	SP
4874	EMBU	SP
4875	EMBU-GUAÇU	SP
4876	EMILIANÓPOLIS	SP
4877	ENGENHEIRO COELHO	SP
4878	ESPÍRITO SANTO DO PINHAL	SP
4879	ESPÍRITO SANTO DO TURVO	SP
4880	ESTRELA D'OESTE	SP
4881	ESTRELA DO NORTE	SP
4882	EUCLIDES DA CUNHA PAULISTA	SP
4883	FARTURA	SP
4884	FERNANDÓPOLIS	SP
4885	FERNANDO PRESTES	SP
4886	FERNÃO	SP
4887	FERRAZ DE VASCONCELOS	SP
4888	FLORA RICA	SP
4889	FLOREAL	SP
4890	FLÓRIDA PAULISTA	SP
4891	FLORÍNIA	SP
4892	FRANCA	SP
4893	FRANCISCO MORATO	SP
4894	FRANCO DA ROCHA	SP
4895	GABRIEL MONTEIRO	SP
4896	GÁLIA	SP
4897	GARÇA	SP
4898	GASTÃO VIDIGAL	SP
4899	GAVIÃO PEIXOTO	SP
4900	GENERAL SALGADO	SP
4901	GETULINA	SP
4902	GLICÉRIO	SP
4903	GUAIÇARA	SP
4904	GUAIMBÊ	SP
4905	GUAÍRA	SP
4906	GUAPIAÇU	SP
4907	GUAPIARA	SP
4908	GUARÁ	SP
4909	GUARAÇAÍ	SP
4910	GUARACI	SP
4911	GUARANI D'OESTE	SP
4912	GUARANTÃ	SP
4913	GUARARAPES	SP
4914	GUARAREMA	SP
4915	GUARATINGUETÁ	SP
4916	GUAREÍ	SP
4917	GUARIBA	SP
4918	GUARUJÁ	SP
4919	GUARULHOS	SP
4920	GUATAPARÁ	SP
4921	GUZOLÂNDIA	SP
4922	HERCULÂNDIA	SP
4923	HOLAMBRA	SP
4924	HORTOLÂNDIA	SP
4925	IACANGA	SP
4926	IACRI	SP
4927	IARAS	SP
4928	IBATÉ	SP
4929	IBIRÁ	SP
4930	IBIRAREMA	SP
4931	IBITINGA	SP
4932	IBIÚNA	SP
4933	ICÉM	SP
4934	IEPÊ	SP
4935	IGARAÇU DO TIETÊ	SP
4936	IGARAPAVA	SP
4937	IGARATÁ	SP
4938	IGUAPE	SP
4939	ILHABELA	SP
4940	ILHA COMPRIDA	SP
4941	ILHA SOLTEIRA	SP
4942	INDAIATUBA	SP
4943	INDIANA	SP
4944	INDIAPORÃ	SP
4945	INÚBIA PAULISTA	SP
4946	IPAUSSU	SP
4947	IPERÓ	SP
4948	IPEÚNA	SP
4949	IPIGUÁ	SP
4950	IPORANGA	SP
4951	IPUÃ	SP
4952	IRACEMÁPOLIS	SP
4953	IRAPUÃ	SP
4954	IRAPURU	SP
4955	ITABERÁ	SP
4956	ITAÍ	SP
4957	ITAJOBI	SP
4958	ITAJU	SP
4959	ITANHAÉM	SP
4960	ITAÓCA	SP
4961	ITAPECERICA DA SERRA	SP
4962	ITAPETININGA	SP
4963	ITAPEVA	SP
4964	ITAPEVI	SP
4965	ITAPIRA	SP
4966	ITAPIRAPUÃ PAULISTA	SP
4967	ITÁPOLIS	SP
4968	ITAPORANGA	SP
4969	ITAPUÍ	SP
4970	ITAPURA	SP
4971	ITAQUAQUECETUBA	SP
4972	ITARARÉ	SP
4973	ITARIRI	SP
4974	ITATIBA	SP
4975	ITATINGA	SP
4976	ITIRAPINA	SP
4977	ITIRAPUÃ	SP
4978	ITOBI	SP
4979	ITU	SP
4980	ITUPEVA	SP
4981	ITUVERAVA	SP
4982	JABORANDI	SP
4983	JABOTICABAL	SP
4984	JACAREÍ	SP
4985	JACI	SP
4986	JACUPIRANGA	SP
4987	JAGUARIÚNA	SP
4988	JALES	SP
4989	JAMBEIRO	SP
4990	JANDIRA	SP
4991	JARDINÓPOLIS	SP
4992	JARINU	SP
4993	JAÚ	SP
4994	JERIQUARA	SP
4995	JOANÓPOLIS	SP
4996	JOÃO RAMALHO	SP
4997	JOSÉ BONIFÁCIO	SP
4998	JÚLIO MESQUITA	SP
4999	JUMIRIM	SP
5000	JUNDIAÍ	SP
5001	JUNQUEIRÓPOLIS	SP
5002	JUQUIÁ	SP
5003	JUQUITIBA	SP
5004	LAGOINHA	SP
5005	LARANJAL PAULISTA	SP
5006	LAVÍNIA	SP
5007	LAVRINHAS	SP
5008	LEME	SP
5009	LENÇÓIS PAULISTA	SP
5010	LIMEIRA	SP
5011	LINDÓIA	SP
5012	LINS	SP
5013	LORENA	SP
5014	LOURDES	SP
5015	LOUVEIRA	SP
5016	LUCÉLIA	SP
5017	LUCIANÓPOLIS	SP
5018	LUÍS ANTÔNIO	SP
5019	LUIZIÂNIA	SP
5020	LUPÉRCIO	SP
5021	LUTÉCIA	SP
5022	MACATUBA	SP
5023	MACAUBAL	SP
5024	MACEDÔNIA	SP
5025	MAGDA	SP
5026	MAIRINQUE	SP
5027	MAIRIPORÃ	SP
5028	MANDURI	SP
5029	MARABÁ PAULISTA	SP
5030	MARACAÍ	SP
5031	MARAPOAMA	SP
5032	MARIÁPOLIS	SP
5033	MARÍLIA	SP
5034	MARINÓPOLIS	SP
5035	MARTINÓPOLIS	SP
5036	MATÃO	SP
5037	MAUÁ	SP
5038	MENDONÇA	SP
5039	MERIDIANO	SP
5040	MESÓPOLIS	SP
5041	MIGUELÓPOLIS	SP
5042	MINEIROS DO TIETÊ	SP
5043	MIRACATU	SP
5044	MIRA ESTRELA	SP
5045	MIRANDÓPOLIS	SP
5046	MIRANTE DO PARANAPANEMA	SP
5047	MIRASSOL	SP
5048	MIRASSOLÂNDIA	SP
5049	MOCOCA	SP
5050	MOGI DAS CRUZES	SP
5051	MOGI GUAÇU	SP
5052	MOJI MIRIM	SP
5053	MOMBUCA	SP
5054	MONÇÕES	SP
5055	MONGAGUÁ	SP
5056	MONTE ALEGRE DO SUL	SP
5057	MONTE ALTO	SP
5058	MONTE APRAZÍVEL	SP
5059	MONTE AZUL PAULISTA	SP
5060	MONTE CASTELO	SP
5061	MONTEIRO LOBATO	SP
5062	MONTE MOR	SP
5063	MORRO AGUDO	SP
5064	MORUNGABA	SP
5065	MOTUCA	SP
5066	MURUTINGA DO SUL	SP
5067	NANTES	SP
5068	NARANDIBA	SP
5069	NATIVIDADE DA SERRA	SP
5070	NAZARÉ PAULISTA	SP
5071	NEVES PAULISTA	SP
5072	NHANDEARA	SP
5073	NIPOÃ	SP
5074	NOVA ALIANÇA	SP
5075	NOVA CAMPINA	SP
5076	NOVA CANAÃ PAULISTA	SP
5077	NOVA CASTILHO	SP
5078	NOVA EUROPA	SP
5079	NOVA GRANADA	SP
5080	NOVA GUATAPORANGA	SP
5081	NOVA INDEPENDÊNCIA	SP
5082	NOVAIS	SP
5083	NOVA LUZITÂNIA	SP
5084	NOVA ODESSA	SP
5085	NOVO HORIZONTE	SP
5086	NUPORANGA	SP
5087	OCAUÇU	SP
5088	ÓLEO	SP
5089	OLÍMPIA	SP
5090	ONDA VERDE	SP
5091	ORIENTE	SP
5092	ORINDIÚVA	SP
5093	ORLÂNDIA	SP
5094	OSASCO	SP
5095	OSCAR BRESSANE	SP
5096	OSVALDO CRUZ	SP
5097	OURINHOS	SP
5098	OUROESTE	SP
5099	OURO VERDE	SP
5100	PACAEMBU	SP
5101	PALESTINA	SP
5102	PALMARES PAULISTA	SP
5103	PALMEIRA D'OESTE	SP
5104	PALMITAL	SP
5105	PANORAMA	SP
5106	PARAGUAÇU PAULISTA	SP
5107	PARAIBUNA	SP
5108	PARAÍSO	SP
5109	PARANAPANEMA	SP
5110	PARANAPUÃ	SP
5111	PARAPUÃ	SP
5112	PARDINHO	SP
5113	PARIQUERA-AÇU	SP
5114	PARISI	SP
5115	PATROCÍNIO PAULISTA	SP
5116	PAULICÉIA	SP
5117	PAULÍNIA	SP
5118	PAULISTÂNIA	SP
5119	PAULO DE FARIA	SP
5120	PEDERNEIRAS	SP
5121	PEDRA BELA	SP
5122	PEDRANÓPOLIS	SP
5123	PEDREGULHO	SP
5124	PEDREIRA	SP
5125	PEDRINHAS PAULISTA	SP
5126	PEDRO DE TOLEDO	SP
5127	PENÁPOLIS	SP
5128	PEREIRA BARRETO	SP
5129	PEREIRAS	SP
5130	PERUÍBE	SP
5131	PIACATU	SP
5132	PIEDADE	SP
5133	PILAR DO SUL	SP
5134	PINDAMONHANGABA	SP
5135	PINDORAMA	SP
5136	PINHALZINHO	SP
5137	PIQUEROBI	SP
5138	PIQUETE	SP
5139	PIRACAIA	SP
5140	PIRACICABA	SP
5141	PIRAJU	SP
5142	PIRAJUÍ	SP
5143	PIRANGI	SP
5144	PIRAPORA DO BOM JESUS	SP
5145	PIRAPOZINHO	SP
5146	PIRASSUNUNGA	SP
5147	PIRATININGA	SP
5148	PITANGUEIRAS	SP
5149	PLANALTO	SP
5150	PLATINA	SP
5151	POÁ	SP
5152	POLONI	SP
5153	POMPÉIA	SP
5154	PONGAÍ	SP
5155	PONTAL	SP
5156	PONTALINDA	SP
5157	PONTES GESTAL	SP
5158	POPULINA	SP
5159	PORANGABA	SP
5160	PORTO FELIZ	SP
5161	PORTO FERREIRA	SP
5162	POTIM	SP
5163	POTIRENDABA	SP
5164	PRACINHA	SP
5165	PRADÓPOLIS	SP
5166	PRAIA GRANDE	SP
5167	PRATÂNIA	SP
5168	PRESIDENTE ALVES	SP
5169	PRESIDENTE BERNARDES	SP
5170	PRESIDENTE EPITÁCIO	SP
5171	PRESIDENTE PRUDENTE	SP
5172	PRESIDENTE VENCESLAU	SP
5173	PROMISSÃO	SP
5174	QUADRA	SP
5175	QUATÁ	SP
5176	QUEIROZ	SP
5177	QUELUZ	SP
5178	QUINTANA	SP
5179	RAFARD	SP
5180	RANCHARIA	SP
5181	REDENÇÃO DA SERRA	SP
5182	REGENTE FEIJÓ	SP
5183	REGINÓPOLIS	SP
5184	REGISTRO	SP
5185	RESTINGA	SP
5186	RIBEIRA	SP
5187	RIBEIRÃO BONITO	SP
5188	RIBEIRÃO BRANCO	SP
5189	RIBEIRÃO CORRENTE	SP
5190	RIBEIRÃO DO SUL	SP
5191	RIBEIRÃO DOS ÍNDIOS	SP
5192	RIBEIRÃO GRANDE	SP
5193	RIBEIRÃO PIRES	SP
5194	RIBEIRÃO PRETO	SP
5195	RIVERSUL	SP
5196	RIFAINA	SP
5197	RINCÃO	SP
5198	RINÓPOLIS	SP
5199	RIO CLARO	SP
5200	RIO DAS PEDRAS	SP
5201	RIO GRANDE DA SERRA	SP
5202	RIOLÂNDIA	SP
5203	ROSANA	SP
5204	ROSEIRA	SP
5205	RUBIÁCEA	SP
5206	RUBINÉIA	SP
5207	SABINO	SP
5208	SAGRES	SP
5209	SALES	SP
5210	SALES OLIVEIRA	SP
5211	SALESÓPOLIS	SP
5212	SALMOURÃO	SP
5213	SALTINHO	SP
5214	SALTO	SP
5215	SALTO DE PIRAPORA	SP
5216	SALTO GRANDE	SP
5217	SANDOVALINA	SP
5218	SANTA ADÉLIA	SP
5219	SANTA ALBERTINA	SP
5220	SANTA BÁRBARA D'OESTE	SP
5221	SANTA BRANCA	SP
5222	SANTA CLARA D'OESTE	SP
5223	SANTA CRUZ DA CONCEIÇÃO	SP
5224	SANTA CRUZ DA ESPERANÇA	SP
5225	SANTA CRUZ DAS PALMEIRAS	SP
5226	SANTA CRUZ DO RIO PARDO	SP
5227	SANTA ERNESTINA	SP
5228	SANTA FÉ DO SUL	SP
5229	SANTA GERTRUDES	SP
5230	SANTA ISABEL	SP
5231	SANTA LÚCIA	SP
5232	SANTA MARIA DA SERRA	SP
5233	SANTA MERCEDES	SP
5234	SANTANA DA PONTE PENSA	SP
5235	SANTANA DE PARNAÍBA	SP
5236	SANTA RITA D'OESTE	SP
5237	SANTA RITA DO PASSA QUATRO	SP
5238	SANTA ROSA DE VITERBO	SP
5239	SANTA SALETE	SP
5240	SANTO ANASTÁCIO	SP
5241	SANTO ANDRÉ	SP
5242	SANTO ANTÔNIO DA ALEGRIA	SP
5243	SANTO ANTÔNIO DE POSSE	SP
5244	SANTO ANTÔNIO DO ARACANGUÁ	SP
5245	SANTO ANTÔNIO DO JARDIM	SP
5246	SANTO ANTÔNIO DO PINHAL	SP
5247	SANTO EXPEDITO	SP
5248	SANTÓPOLIS DO AGUAPEÍ	SP
5249	SANTOS	SP
5250	SÃO BENTO DO SAPUCAÍ	SP
5251	SÃO BERNARDO DO CAMPO	SP
5252	SÃO CAETANO DO SUL	SP
5253	SÃO CARLOS	SP
5254	SÃO FRANCISCO	SP
5255	SÃO JOÃO DA BOA VISTA	SP
5256	SÃO JOÃO DAS DUAS PONTES	SP
5257	SÃO JOÃO DE IRACEMA	SP
5258	SÃO JOÃO DO PAU D'ALHO	SP
5259	SÃO JOAQUIM DA BARRA	SP
5260	SÃO JOSÉ DA BELA VISTA	SP
5261	SÃO JOSÉ DO BARREIRO	SP
5262	SÃO JOSÉ DO RIO PARDO	SP
5263	SÃO JOSÉ DO RIO PRETO	SP
5264	SÃO JOSÉ DOS CAMPOS	SP
5265	SÃO LOURENÇO DA SERRA	SP
5266	SÃO LUÍS DO PARAITINGA	SP
5267	SÃO MANUEL	SP
5268	SÃO MIGUEL ARCANJO	SP
5269	SÃO PAULO	SP
5270	SÃO PEDRO	SP
5271	SÃO PEDRO DO TURVO	SP
5272	SÃO ROQUE	SP
5273	SÃO SEBASTIÃO	SP
5274	SÃO SEBASTIÃO DA GRAMA	SP
5275	SÃO SIMÃO	SP
5276	SÃO VICENTE	SP
5277	SARAPUÍ	SP
5278	SARUTAIÁ	SP
5279	SEBASTIANÓPOLIS DO SUL	SP
5280	SERRA AZUL	SP
5281	SERRANA	SP
5282	SERRA NEGRA	SP
5283	SERTÃOZINHO	SP
5284	SETE BARRAS	SP
5285	SEVERÍNIA	SP
5286	SILVEIRAS	SP
5287	SOCORRO	SP
5288	SOROCABA	SP
5289	SUD MENNUCCI	SP
5290	SUMARÉ	SP
5291	SUZANO	SP
5292	SUZANÁPOLIS	SP
5293	TABAPUÃ	SP
5294	TABATINGA	SP
5295	TABOÃO DA SERRA	SP
5296	TACIBA	SP
5297	TAGUAÍ	SP
5298	TAIAÇU	SP
5299	TAIÚVA	SP
5300	TAMBAÚ	SP
5301	TANABI	SP
5302	TAPIRAÍ	SP
5303	TAPIRATIBA	SP
5304	TAQUARAL	SP
5305	TAQUARITINGA	SP
5306	TAQUARITUBA	SP
5307	TAQUARIVAÍ	SP
5308	TARABAI	SP
5309	TARUMÃ	SP
5310	TATUÍ	SP
5311	TAUBATÉ	SP
5312	TEJUPÁ	SP
5313	TEODORO SAMPAIO	SP
5314	TERRA ROXA	SP
5315	TIETÊ	SP
5316	TIMBURI	SP
5317	TORRE DE PEDRA	SP
5318	TORRINHA	SP
5319	TRABIJU	SP
5320	TREMEMBÉ	SP
5321	TRÊS FRONTEIRAS	SP
5322	TUIUTI	SP
5323	TUPÃ	SP
5324	TUPI PAULISTA	SP
5325	TURIÚBA	SP
5326	TURMALINA	SP
5327	UBARANA	SP
5328	UBATUBA	SP
5329	UBIRAJARA	SP
5330	UCHOA	SP
5331	UNIÃO PAULISTA	SP
5332	URÂNIA	SP
5333	URU	SP
5334	URUPÊS	SP
5335	VALENTIM GENTIL	SP
5336	VALINHOS	SP
5337	VALPARAÍSO	SP
5338	VARGEM	SP
5339	VARGEM GRANDE DO SUL	SP
5340	VARGEM GRANDE PAULISTA	SP
5341	VÁRZEA PAULISTA	SP
5342	VERA CRUZ	SP
5343	VINHEDO	SP
5344	VIRADOURO	SP
5345	VISTA ALEGRE DO ALTO	SP
5346	VITÓRIA BRASIL	SP
5347	VOTORANTIM	SP
5348	VOTUPORANGA	SP
5349	ZACARIAS	SP
5350	CHAVANTES	SP
5351	ESTIVA GERBI	SP
5352	AMPARO DE SÃO FRANCISCO	SE
5353	AQUIDABÃ	SE
5354	ARACAJU	SE
5355	ARAUÁ	SE
5356	AREIA BRANCA	SE
5357	BARRA DOS COQUEIROS	SE
5358	BOQUIM	SE
5359	BREJO GRANDE	SE
5360	CAMPO DO BRITO	SE
5361	CANHOBA	SE
5362	CANINDÉ DE SÃO FRANCISCO	SE
5363	CAPELA	SE
5364	CARIRA	SE
5365	CARMÓPOLIS	SE
5366	CEDRO DE SÃO JOÃO	SE
5367	CRISTINÁPOLIS	SE
5368	CUMBE	SE
5369	DIVINA PASTORA	SE
5370	ESTÂNCIA	SE
5371	FEIRA NOVA	SE
5372	FREI PAULO	SE
5373	GARARU	SE
5374	GENERAL MAYNARD	SE
5375	GRACHO CARDOSO	SE
5376	ILHA DAS FLORES	SE
5377	INDIAROBA	SE
5378	ITABAIANA	SE
5379	ITABAIANINHA	SE
5380	ITABI	SE
5381	ITAPORANGA D'AJUDA	SE
5382	JAPARATUBA	SE
5383	JAPOATÃ	SE
5384	LAGARTO	SE
5385	LARANJEIRAS	SE
5386	MACAMBIRA	SE
5387	MALHADA DOS BOIS	SE
5388	MALHADOR	SE
5389	MARUIM	SE
5390	MOITA BONITA	SE
5391	MONTE ALEGRE DE SERGIPE	SE
5392	MURIBECA	SE
5393	NEÓPOLIS	SE
5394	NOSSA SENHORA APARECIDA	SE
5395	NOSSA SENHORA DA GLÓRIA	SE
5396	NOSSA SENHORA DAS DORES	SE
5397	NOSSA SENHORA DE LOURDES	SE
5398	NOSSA SENHORA DO SOCORRO	SE
5399	PACATUBA	SE
5400	PEDRA MOLE	SE
5401	PEDRINHAS	SE
5402	PINHÃO	SE
5403	PIRAMBU	SE
5404	POÇO REDONDO	SE
5405	POÇO VERDE	SE
5406	PORTO DA FOLHA	SE
5407	PROPRIÁ	SE
5408	RIACHÃO DO DANTAS	SE
5409	RIACHUELO	SE
5410	RIBEIRÓPOLIS	SE
5411	ROSÁRIO DO CATETE	SE
5412	SALGADO	SE
5413	SANTA LUZIA DO ITANHY	SE
5414	SANTANA DO SÃO FRANCISCO	SE
5415	SANTA ROSA DE LIMA	SE
5416	SANTO AMARO DAS BROTAS	SE
5417	SÃO CRISTÓVÃO	SE
5418	SÃO DOMINGOS	SE
5419	SÃO FRANCISCO	SE
5420	SÃO MIGUEL DO ALEIXO	SE
5421	SIMÃO DIAS	SE
5422	SIRIRI	SE
5423	TELHA	SE
5424	TOBIAS BARRETO	SE
5425	TOMAR DO GERU	SE
5426	UMBAÚBA	SE
5427	ABREULÂNDIA	TO
5428	AGUIARNÓPOLIS	TO
5429	ALIANÇA DO TOCANTINS	TO
5430	ALMAS	TO
5431	ALVORADA	TO
5432	ANANÁS	TO
5433	ANGICO	TO
5434	APARECIDA DO RIO NEGRO	TO
5435	ARAGOMINAS	TO
5436	ARAGUACEMA	TO
5437	ARAGUAÇU	TO
5438	ARAGUAÍNA	TO
5439	ARAGUANÃ	TO
5440	ARAGUATINS	TO
5441	ARAPOEMA	TO
5442	ARRAIAS	TO
5443	AUGUSTINÓPOLIS	TO
5444	AURORA DO TOCANTINS	TO
5445	AXIXÁ DO TOCANTINS	TO
5446	BABAÇULÂNDIA	TO
5447	BANDEIRANTES DO TOCANTINS	TO
5448	BARRA DO OURO	TO
5449	BARROLÂNDIA	TO
5450	BERNARDO SAYÃO	TO
5451	BOM JESUS DO TOCANTINS	TO
5452	BRASILÂNDIA DO TOCANTINS	TO
5453	BREJINHO DE NAZARÉ	TO
5454	BURITI DO TOCANTINS	TO
5455	CACHOEIRINHA	TO
5456	CAMPOS LINDOS	TO
5457	CARIRI DO TOCANTINS	TO
5458	CARMOLÂNDIA	TO
5459	CARRASCO BONITO	TO
5460	CASEARA	TO
5461	CENTENÁRIO	TO
5462	CHAPADA DE AREIA	TO
5463	CHAPADA DA NATIVIDADE	TO
5464	COLINAS DO TOCANTINS	TO
5465	COMBINADO	TO
5466	CONCEIÇÃO DO TOCANTINS	TO
5467	COUTO MAGALHÃES	TO
5468	CRISTALÂNDIA	TO
5469	CRIXÁS DO TOCANTINS	TO
5470	DARCINÓPOLIS	TO
5471	DIANÓPOLIS	TO
5472	DIVINÓPOLIS DO TOCANTINS	TO
5473	DOIS IRMÃOS DO TOCANTINS	TO
5474	DUERÉ	TO
5475	ESPERANTINA	TO
5476	FÁTIMA	TO
5477	FIGUEIRÓPOLIS	TO
5478	FILADÉLFIA	TO
5479	FORMOSO DO ARAGUAIA	TO
5480	FORTALEZA DO TABOCÃO	TO
5481	GOIANORTE	TO
5482	GOIATINS	TO
5483	GUARAÍ	TO
5484	GURUPI	TO
5485	IPUEIRAS	TO
5486	ITACAJÁ	TO
5487	ITAGUATINS	TO
5488	ITAPIRATINS	TO
5489	ITAPORÃ DO TOCANTINS	TO
5490	JAÚ DO TOCANTINS	TO
5491	JUARINA	TO
5492	LAGOA DA CONFUSÃO	TO
5493	LAGOA DO TOCANTINS	TO
5494	LAJEADO	TO
5495	LAVANDEIRA	TO
5496	LIZARDA	TO
5497	LUZINÓPOLIS	TO
5498	MARIANÓPOLIS DO TOCANTINS	TO
5499	MATEIROS	TO
5500	MAURILÂNDIA DO TOCANTINS	TO
5501	MIRACEMA DO TOCANTINS	TO
5502	MIRANORTE	TO
5503	MONTE DO CARMO	TO
5504	MONTE SANTO DO TOCANTINS	TO
5505	PALMEIRAS DO TOCANTINS	TO
5506	MURICILÂNDIA	TO
5507	NATIVIDADE	TO
5508	NAZARÉ	TO
5509	NOVA OLINDA	TO
5510	NOVA ROSALÂNDIA	TO
5511	NOVO ACORDO	TO
5512	NOVO ALEGRE	TO
5513	NOVO JARDIM	TO
5514	OLIVEIRA DE FÁTIMA	TO
5515	PALMEIRANTE	TO
5516	PALMEIRÓPOLIS	TO
5517	PARAÍSO DO TOCANTINS	TO
5518	PARANÃ	TO
5519	PAU D'ARCO	TO
5520	PEDRO AFONSO	TO
5521	PEIXE	TO
5522	PEQUIZEIRO	TO
5523	COLMÉIA	TO
5524	PINDORAMA DO TOCANTINS	TO
5525	PIRAQUÊ	TO
5526	PIUM	TO
5527	PONTE ALTA DO BOM JESUS	TO
5528	PONTE ALTA DO TOCANTINS	TO
5529	PORTO ALEGRE DO TOCANTINS	TO
5530	PORTO NACIONAL	TO
5531	PRAIA NORTE	TO
5532	PRESIDENTE KENNEDY	TO
5533	PUGMIL	TO
5534	RECURSOLÂNDIA	TO
5535	RIACHINHO	TO
5536	RIO DA CONCEIÇÃO	TO
5537	RIO DOS BOIS	TO
5538	RIO SONO	TO
5539	SAMPAIO	TO
5540	SANDOLÂNDIA	TO
5541	SANTA FÉ DO ARAGUAIA	TO
5542	SANTA MARIA DO TOCANTINS	TO
5543	SANTA RITA DO TOCANTINS	TO
5544	SANTA ROSA DO TOCANTINS	TO
5545	SANTA TEREZA DO TOCANTINS	TO
5546	SANTA TEREZINHA DO TOCANTINS	TO
5547	SÃO BENTO DO TOCANTINS	TO
5548	SÃO FÉLIX DO TOCANTINS	TO
5549	SÃO MIGUEL DO TOCANTINS	TO
5550	SÃO SALVADOR DO TOCANTINS	TO
5551	SÃO SEBASTIÃO DO TOCANTINS	TO
5552	SÃO VALÉRIO	TO
5553	SILVANÓPOLIS	TO
5554	SÍTIO NOVO DO TOCANTINS	TO
5555	SUCUPIRA	TO
5556	TAGUATINGA	TO
5557	TAIPAS DO TOCANTINS	TO
5558	TALISMÃ	TO
5559	PALMAS	TO
5560	TOCANTÍNIA	TO
5561	TOCANTINÓPOLIS	TO
5562	TUPIRAMA	TO
5563	TUPIRATINS	TO
5564	WANDERLÂNDIA	TO
5565	XAMBIOÁ	TO
\.


--
-- Name: cidade_id_cidade_seq; Type: SEQUENCE SET; Schema: public; Owner: -
--

SELECT pg_catalog.setval('public.cidade_id_cidade_seq', 1, false);


--
-- Data for Name: cliente; Type: TABLE DATA; Schema: public; Owner: -
--

COPY public.cliente (id_cliente, den_cliente, telefone, endereco, id_cidade) FROM stdin;
1	ADRIANA	\N	RUA A, 1180	1620
2	AGENOR	\N	RUA B, 1170	1620
3	AILTON	\N	RUA C, 1160	1781
4	ALESSANDRO	\N	RUA D, 1150	2042
5	AMILTON	\N	RUA A, 1140	1620
6	ANA	\N	RUA B, 1130	2365
7	ANA PAULA	\N	RUA C, 1120	1620
8	ANDRE	\N	RUA D, 1110	2042
9	ANDREIA	\N	RUA A, 1100	1620
10	ANTONIO	\N	RUA B, 1090	2042
11	APARECIDA	\N	RUA C, 1080	2365
12	ARISTIDES	\N	RUA D, 1070	2042
13	BATISTA	\N	RUA A, 1060	2042
14	BETANIA	\N	RUA B, 1050	1781
15	CACILDO	\N	RUA C, 1040	1620
16	CARMINHA	\N	RUA D, 1030	1620
17	CHIQUITO	\N	RUA A, 1020	1620
18	CLAUDIO	\N	RUA B, 1010	2042
19	DANIEL	\N	RUA C, 1000	1620
20	DEISE	\N	RUA D, 990	2365
21	DEJAIR	\N	RUA A, 980	2042
22	DENISE	\N	RUA B, 970	2042
23	DEUSDET	\N	RUA C, 960	1620
24	DIVINO	\N	RUA D, 950	1620
25	EDMAR	\N	RUA A, 940	1620
26	EDUARDO GERALDO	\N	RUA B, 930	1620
27	ELENICE MARIA	\N	RUA C, 920	2365
28	ELI RODRIGUES	\N	RUA D, 910	1620
29	ELIANE	\N	RUA A, 900	1781
30	ELIETE AMORIM	\N	RUA B, 890	1620
31	EMERSON	\N	RUA C, 880	1620
32	ENINHO	\N	RUA D, 870	1620
33	ESMERA	\N	RUA A, 860	1620
34	ETICA	\N	RUA B, 850	1620
35	FABIANA	\N	RUA C, 840	1781
36	FABIANO JOSE	\N	RUA D, 830	2042
37	FABIANO SANTOS	\N	RUA A, 820	1620
38	FERNANDA	\N	RUA B, 810	1620
39	FLAVIA	\N	RUA C, 800	1620
40	FLAVIO AUGUSTO	\N	RUA D, 790	1620
41	FRANCISCO	\N	RUA A, 780	2365
42	GASPAR	\N	RUA B, 770	2365
43	GERALDA	\N	RUA C, 760	2365
44	GERALDO	\N	RUA D, 750	2042
45	GILMAR	\N	RUA A, 740	2042
46	HELEN	\N	RUA B, 730	1781
47	HELENA	\N	RUA C, 720	2042
48	IEDA	\N	RUA D, 710	2365
49	IGOR	\N	RUA A, 700	1620
50	ISABEL	\N	RUA B, 690	1781
51	JAITON	\N	RUA C, 680	2042
52	JANETE	\N	RUA D, 670	1781
53	JEAN	\N	RUA A, 660	1620
54	JERONIMO	\N	RUA B, 650	1781
55	JOANA	\N	RUA C, 640	1620
56	JOAO	\N	RUA D, 630	2365
57	JOAO BATISTA	\N	RUA A, 620	1620
58	JOAO MARQUES	\N	RUA B, 610	1620
59	JOICE CRISTIANE	\N	RUA C, 600	2365
60	JOSÉ	\N	RUA D, 590	1620
61	JOSÉ DA SILVA	\N	RUA A, 580	1620
62	JOSIEL	\N	RUA B, 570	1620
63	JULIANA	\N	RUA C, 560	2042
64	JULIMARA	\N	RUA D, 550	1620
65	JULIO	\N	RUA A, 540	2042
66	JUSIMARA	\N	RUA B, 530	1620
67	KELY	\N	RUA C, 520	2365
68	LARITSSA	\N	RUA D, 510	2042
69	LEILA	\N	RUA A, 500	2042
70	LILIAN	\N	RUA B, 490	1781
71	LORENA	\N	RUA C, 480	2365
72	LUIS	\N	RUA D, 470	2042
73	LUZIA	\N	RUA A, 460	2042
74	MAGDA	\N	RUA B, 450	2042
75	MARCIA	\N	RUA C, 440	1781
76	MARCIANO	\N	RUA D, 430	1620
77	MARGARETH	\N	RUA A, 420	1620
78	MARIA	\N	RUA B, 410	2042
79	MARIA DE LOURDES	\N	RUA C, 400	1620
80	MARIA EUNICE	\N	RUA D, 390	2365
81	MARIA JOSÉ	\N	RUA A, 380	2042
82	MARILDA	\N	RUA B, 370	2042
83	MARILIA EVA	\N	RUA C, 360	2042
84	MARILZA	\N	RUA D, 350	1781
85	MARIQUINHA	\N	RUA A, 340	2042
86	MARISA	\N	RUA B, 330	2365
87	MARLI	\N	RUA C, 320	2042
88	MARTA	\N	RUA D, 310	2365
89	MIRIAN	\N	RUA A, 300	1781
90	MIRIAN CECILIA	\N	RUA B, 290	2042
91	MOISES	\N	RUA C, 280	1620
92	MURILO	\N	RUA D, 270	1781
93	NAZARÉ	\N	RUA A, 260	2042
94	NEIDE	\N	RUA B, 250	2042
95	NEUZA	\N	RUA C, 240	1620
96	NILZA NUNES	\N	RUA D, 230	1620
97	NIRALDO	\N	RUA A, 220	1620
98	PAULO HENRIQUE	\N	RUA B, 210	1620
99	RAFAEL	\N	RUA C, 200	2365
100	REGIANE RAMOS	\N	RUA D, 190	2042
101	REGINA	\N	RUA A, 180	1620
102	REINALDO	\N	RUA B, 170	2042
103	RILDO	\N	RUA C, 160	1620
104	ROGÉRIO	\N	RUA D, 150	2365
105	RONALDO	\N	RUA A, 140	1620
106	SANDRA	\N	RUA B, 130	1781
107	SILVANA	\N	RUA C, 120	1620
108	SILVANO MACHADO	\N	RUA D, 110	2042
109	SOLANGE MARIA	\N	RUA A, 100	2042
110	SONIA MARIA	\N	RUA B, 90	1620
111	TERESA	\N	RUA C, 80	1620
112	VALDECI	\N	RUA D, 70	1781
113	VANDIR	\N	RUA A, 60	1620
114	VANESSA CRISTINA	\N	RUA B, 50	2365
115	VERA	\N	RUA C, 40	2365
116	VILMA	\N	RUA D, 30	2042
117	WELLIGTON	\N	RUA A, 20	2042
118	ZULEIDE	\N	RUA B, 10	2042
\.


--
-- Name: cliente_id_cliente_seq; Type: SEQUENCE SET; Schema: public; Owner: -
--

SELECT pg_catalog.setval('public.cliente_id_cliente_seq', 118, true);


--
-- Data for Name: compra; Type: TABLE DATA; Schema: public; Owner: -
--

COPY public.compra (id_compra, data, id_fornecedor, valor_total) FROM stdin;
25	2011-05-11	4	255.98
32	2010-10-18	4	227.94
12	2011-12-28	4	278.56
8	2010-06-18	2	242.77
1	2011-11-12	4	251.43
10	2011-08-08	3	253.81
26	2011-01-07	2	242.60
11	2010-10-07	2	272.48
18	2010-06-09	4	255.99
16	2011-11-09	4	253.80
3	2011-05-27	2	270.90
13	2010-08-09	1	263.89
22	2011-04-01	4	273.61
9	2010-05-15	4	294.38
24	2011-04-02	1	259.85
14	2011-05-17	1	259.89
27	2010-08-19	1	235.67
17	2011-06-25	2	238.02
28	2011-09-04	3	237.62
15	2010-04-06	3	251.85
4	2011-04-04	1	262.07
30	2011-07-27	2	256.00
33	2010-06-27	2	201.80
6	2011-02-28	1	270.79
19	2011-08-19	2	267.23
29	2010-05-22	4	266.90
2	2010-09-05	4	249.44
21	2010-05-02	4	268.07
23	2011-04-19	4	274.07
31	2010-01-10	1	238.67
20	2010-03-08	1	257.70
5	2011-08-15	4	261.09
7	2011-07-14	3	249.35
\.


--
-- Name: compra_id_compra_seq; Type: SEQUENCE SET; Schema: public; Owner: -
--

SELECT pg_catalog.setval('public.compra_id_compra_seq', 33, true);


--
-- Data for Name: compra_produto; Type: TABLE DATA; Schema: public; Owner: -
--

COPY public.compra_produto (id_produto, id_compra, quantidade, valor) FROM stdin;
20	23	2	1.82
56	13	20	0.81
61	25	82	6.89
59	22	85	6.60
29	7	78	1.86
63	29	87	1.54
74	32	74	0.81
39	18	100	1.82
32	10	85	1.86
21	13	75	1.82
66	19	9	1.46
1	14	10	5.39
23	3	85	5.47
5	24	52	2.43
84	1	72	6.48
62	24	60	7.98
49	17	56	1.34
23	31	10	5.47
23	9	40	5.47
8	16	81	2.63
77	7	39	12.96
85	7	82	4.05
79	17	62	2.67
33	14	66	1.86
6	3	37	4.01
60	20	87	6.84
18	29	80	1.58
26	4	7	0.57
62	7	57	7.98
43	1	77	8.46
79	31	99	2.67
62	31	46	7.98
52	26	99	0.93
16	5	41	4.86
76	7	51	16.20
16	28	13	4.86
4	2	100	4.33
77	11	12	12.96
42	16	36	4.01
20	11	30	1.82
18	32	25	1.58
59	18	5	6.60
57	23	20	2.23
2	17	42	1.62
48	23	28	4.86
59	25	33	6.60
58	19	66	1.09
68	15	66	8.10
4	30	13	4.33
36	4	45	6.36
64	10	44	3.69
86	31	98	1.42
90	19	69	4.05
15	19	22	2.31
53	3	92	3.65
78	24	67	1.46
15	12	24	2.31
75	3	70	1.86
43	5	61	8.46
54	17	74	1.13
2	7	5	1.62
42	5	100	4.01
39	4	57	1.82
10	9	15	2.15
29	28	26	1.86
21	23	99	1.82
82	28	35	1.22
11	21	45	4.37
75	4	59	1.86
38	23	12	6.72
13	23	33	9.19
16	19	59	4.86
67	23	87	8.10
11	8	40	4.37
9	4	25	6.20
41	8	90	2.23
82	1	101	1.22
43	15	69	8.46
52	19	41	0.93
82	25	57	1.22
32	31	15	1.86
86	22	84	1.42
73	17	84	0.61
45	21	7	1.01
11	6	41	4.37
1	3	45	5.39
64	3	49	3.69
8	32	25	2.63
60	11	18	6.84
73	9	84	0.61
57	1	37	2.23
42	17	2	4.01
48	14	76	4.86
64	17	96	3.69
8	18	3	2.63
49	18	57	1.34
39	8	67	1.82
83	10	65	1.01
13	31	98	9.19
29	24	24	1.86
13	12	28	9.19
46	27	81	5.79
47	11	22	4.05
19	3	29	1.30
21	21	83	1.82
73	1	6	0.61
41	31	37	2.23
7	2	32	7.82
5	12	6	2.43
26	17	41	0.57
51	1	22	1.74
32	17	53	1.86
51	26	54	1.74
27	33	63	0.49
53	7	26	3.65
40	15	23	2.75
9	19	68	6.20
13	28	20	9.19
50	13	21	0.89
69	24	73	4.82
25	10	52	5.55
74	19	50	0.81
40	5	72	2.75
63	18	72	1.54
90	32	16	4.05
17	25	68	0.04
45	28	25	1.01
14	33	10	0.93
31	18	49	1.86
50	9	23	0.89
24	18	52	2.43
71	12	11	2.71
24	26	26	2.43
90	15	80	4.05
63	14	76	1.54
77	20	52	12.96
47	3	37	4.05
70	8	36	4.05
78	18	89	1.46
30	3	17	1.86
50	12	72	0.89
5	4	7	2.43
14	12	85	0.93
37	11	30	0.77
18	1	71	1.58
88	28	31	4.05
42	12	39	4.01
15	31	18	2.31
4	9	27	4.33
19	27	63	1.30
85	29	74	4.05
90	1	11	4.05
75	14	46	1.86
9	20	48	6.20
74	18	33	0.81
44	27	79	4.66
48	7	81	4.86
12	4	68	2.84
80	3	70	2.92
90	30	12	4.05
38	33	73	6.72
82	26	28	1.22
19	29	28	1.30
82	12	9	1.22
61	14	7	6.89
36	23	8	6.36
36	7	30	6.36
17	11	42	0.04
79	6	52	2.67
50	5	42	0.89
60	19	42	6.84
33	15	20	1.86
58	22	8	1.09
84	18	43	6.48
91	6	87	4.05
4	19	56	4.33
11	32	76	4.37
37	5	10	0.77
30	18	45	1.86
68	6	3	8.10
13	18	48	9.19
31	5	14	1.86
37	2	67	0.77
77	1	87	12.96
22	7	42	2.67
91	20	57	4.05
6	14	57	4.01
33	24	10	1.86
74	15	28	0.81
76	20	81	16.20
27	31	98	0.49
39	11	4	1.82
8	5	8	2.63
87	28	17	4.05
35	3	37	0.81
73	2	97	0.61
32	4	38	1.86
84	16	12	6.48
92	9	59	4.05
24	3	20	2.43
6	13	14	4.01
3	26	48	0.49
6	29	64	4.01
12	27	49	2.84
27	7	58	0.49
61	33	64	6.89
57	11	77	2.23
92	8	26	4.05
9	7	54	6.20
62	16	63	7.98
80	18	2	2.92
91	19	82	4.05
42	21	71	4.01
8	25	53	2.63
53	2	74	3.65
12	24	73	2.84
71	11	7	2.71
49	11	30	1.34
72	14	53	0.61
29	3	1	1.86
87	31	56	4.05
88	30	14	4.05
70	12	78	4.05
42	15	55	4.01
65	5	33	1.74
39	30	67	1.82
45	15	99	1.01
72	7	40	0.61
28	18	48	1.86
28	15	42	1.86
79	13	33	2.67
91	5	70	4.05
70	20	15	4.05
27	19	17	0.49
83	9	32	1.01
81	6	68	0.81
79	32	90	2.67
22	9	43	2.67
11	14	30	4.37
41	13	46	2.23
12	5	7	2.84
25	14	66	5.55
40	11	94	2.75
69	18	65	4.82
90	14	84	4.05
59	9	81	6.60
89	7	63	4.05
78	11	5	1.46
13	25	45	9.19
55	29	59	1.86
61	5	2	6.89
28	19	35	1.86
22	11	89	2.67
81	10	30	0.81
65	31	56	1.74
46	16	6	5.79
52	14	27	0.93
17	9	59	0.04
20	13	35	1.82
22	21	40	2.67
55	6	33	1.86
43	2	63	8.46
70	25	57	4.05
28	8	5	1.86
33	26	48	1.86
57	32	75	2.23
18	7	15	1.58
50	28	15	0.89
71	3	79	2.71
15	11	74	2.31
43	13	98	8.46
7	5	73	7.82
60	15	97	6.84
63	26	77	1.54
14	13	75	0.93
82	20	95	1.22
2	4	80	1.62
15	30	89	2.31
88	2	24	4.05
63	7	17	1.54
55	22	56	1.86
52	24	70	0.93
25	12	14	5.55
21	2	93	1.82
92	7	33	4.05
68	3	93	8.10
62	4	6	7.98
42	9	96	4.01
32	7	3	1.86
53	29	23	3.65
68	16	89	8.10
26	1	63	0.57
90	10	101	4.05
9	18	6	6.20
1	17	27	5.39
31	8	35	1.86
23	30	46	5.47
28	12	73	1.86
24	23	95	2.43
25	9	83	5.55
46	33	31	5.79
35	9	34	0.81
92	11	17	4.05
4	11	69	4.33
28	22	94	1.86
60	31	85	6.84
9	8	21	6.20
76	16	92	16.20
54	8	19	1.13
81	21	47	0.81
19	20	70	1.30
78	20	3	1.46
64	31	5	3.69
43	22	20	8.46
53	8	44	3.65
70	27	69	4.05
87	23	31	4.05
36	30	92	6.36
10	25	16	2.15
44	14	10	4.66
47	2	68	4.05
43	17	36	8.46
61	6	85	6.89
30	25	10	1.86
70	17	93	4.05
68	28	53	8.10
60	30	28	6.84
15	1	3	2.31
29	16	47	1.86
37	33	53	0.77
7	15	5	7.82
24	15	98	2.43
33	7	48	1.86
25	21	93	5.55
38	1	68	6.72
63	6	71	1.54
65	16	20	1.74
15	29	20	2.31
63	32	67	1.54
67	13	78	8.10
86	21	23	1.42
83	33	43	1.01
34	9	6	0.81
27	5	44	0.49
4	18	46	4.33
66	7	63	1.46
38	31	12	6.72
56	3	1	0.81
74	25	97	0.81
20	14	99	1.82
41	10	99	2.23
80	22	25	2.92
85	32	39	4.05
31	33	94	1.86
73	23	16	0.61
38	4	9	6.72
48	24	17	4.86
48	17	94	4.86
45	32	42	1.01
77	6	83	12.96
75	20	13	1.86
73	16	81	0.61
2	13	77	1.62
38	24	77	6.72
31	17	48	1.86
45	30	60	1.01
67	32	83	8.10
5	9	97	2.43
81	3	59	0.81
93	28	7	4.05
74	29	46	0.81
51	10	18	1.74
29	21	70	1.86
72	3	61	0.61
34	22	5	0.81
62	13	101	7.98
46	1	45	5.79
26	3	72	0.57
22	32	79	2.67
76	32	65	16.20
81	25	54	0.81
30	10	83	1.86
46	20	45	5.79
17	13	56	0.04
73	25	22	0.61
77	14	61	12.96
77	30	65	12.96
25	6	74	5.55
37	4	43	0.77
86	15	73	1.42
70	31	35	4.05
18	4	73	1.58
69	30	49	4.82
89	24	91	4.05
18	27	1	1.58
86	27	44	1.42
58	18	68	1.09
66	29	24	1.46
40	21	18	2.75
71	27	30	2.71
46	19	21	5.79
90	17	95	4.05
63	9	35	1.54
10	28	71	2.15
72	4	66	0.61
52	27	54	0.93
74	8	18	0.81
24	17	57	2.43
43	16	9	8.46
22	23	66	2.67
35	26	49	0.81
7	19	62	7.82
67	4	44	8.10
24	31	70	2.43
38	5	23	6.72
90	20	71	4.05
20	30	6	1.82
28	17	55	1.86
73	19	13	0.61
36	10	26	6.36
76	19	19	16.20
48	33	8	4.86
41	12	84	2.23
13	14	85	9.19
17	21	75	0.04
49	12	99	1.34
60	25	30	6.84
83	19	86	1.01
7	3	85	7.82
14	10	24	0.93
35	25	61	0.81
19	30	2	1.30
4	3	65	4.33
73	11	93	0.61
62	10	51	7.98
6	27	88	4.01
4	16	63	4.33
31	12	21	1.86
17	15	30	0.04
2	19	61	1.62
24	32	37	2.43
80	6	27	2.92
81	7	36	0.81
40	22	98	2.75
87	25	81	4.05
75	26	28	1.86
40	4	64	2.75
58	10	8	1.09
85	11	67	4.05
48	20	64	4.86
81	15	81	0.81
13	11	3	9.19
45	27	4	1.01
14	9	72	0.93
16	14	39	4.86
75	2	70	1.86
82	32	3	1.22
51	16	63	1.74
16	12	8	4.86
91	16	39	4.05
3	4	48	0.49
19	5	68	1.30
43	11	11	8.46
78	4	16	1.46
49	1	13	1.34
51	19	62	1.74
16	24	98	4.86
22	24	47	2.67
58	24	45	1.09
77	25	57	12.96
29	17	81	1.86
91	24	96	4.05
60	6	28	6.84
3	3	99	0.49
56	16	45	0.81
6	4	17	4.01
47	31	93	4.05
6	8	44	4.01
80	8	16	2.92
75	29	33	1.86
8	21	35	2.63
45	18	89	1.01
84	19	98	6.48
82	7	24	1.22
57	26	73	2.23
5	29	84	2.43
20	12	79	1.82
53	10	27	3.65
66	3	14	1.46
3	6	77	0.49
35	22	31	0.81
23	19	87	5.47
20	15	7	1.82
41	2	87	2.23
15	4	74	2.31
93	11	10	4.05
72	16	53	0.61
74	1	83	0.81
5	25	93	2.43
17	26	12	0.04
88	5	79	4.05
23	14	36	5.47
10	21	82	2.15
16	2	89	4.86
3	8	1	0.49
71	8	35	2.71
36	26	87	6.36
19	28	63	1.30
12	1	42	2.84
22	33	58	2.67
2	8	99	1.62
35	12	62	0.81
17	17	69	0.04
6	18	93	4.01
7	11	16	7.82
38	6	16	6.72
21	19	96	1.82
11	4	84	4.37
64	5	8	3.69
63	17	43	1.54
27	23	96	0.49
90	25	52	4.05
83	28	84	1.01
4	8	2	4.33
17	16	59	0.04
13	19	35	9.19
87	9	24	4.05
72	13	36	0.61
63	25	1	1.54
9	2	71	6.20
4	1	48	4.33
51	30	32	1.74
35	31	57	0.81
90	9	63	4.05
50	32	31	0.89
82	19	40	1.22
36	12	21	6.36
8	13	23	2.63
52	32	14	0.93
80	11	8	2.92
40	24	22	2.75
44	23	49	4.66
92	18	68	4.05
27	14	27	0.49
63	27	53	1.54
2	9	30	1.62
22	27	26	2.67
34	23	59	0.81
41	4	32	2.23
12	23	3	2.84
76	22	57	16.20
69	21	80	4.82
25	15	99	5.55
14	16	27	0.93
41	24	10	2.23
26	18	92	0.57
56	11	19	0.81
57	4	87	2.23
16	20	83	4.86
88	21	94	4.05
86	26	43	1.42
17	8	16	0.04
26	31	26	0.57
6	7	80	4.01
90	26	99	4.05
44	13	31	4.66
48	6	7	4.86
31	11	43	1.86
74	9	6	0.81
67	7	85	8.10
13	13	8	9.19
26	22	100	0.57
49	24	20	1.34
30	23	100	1.86
28	6	39	1.86
56	27	39	0.81
3	11	57	0.49
8	22	91	2.63
48	16	19	4.86
52	6	41	0.93
44	20	49	4.66
61	15	93	6.89
2	12	95	1.62
37	13	29	0.77
90	16	97	4.05
41	32	97	2.23
22	14	59	2.67
66	30	74	1.46
86	18	20	1.42
79	7	97	2.67
83	20	74	1.01
11	15	23	4.37
17	30	76	0.04
13	5	20	9.19
66	28	9	1.46
41	26	65	2.23
59	21	85	6.60
56	19	6	0.81
86	16	68	1.42
60	21	26	6.84
8	11	18	2.63
81	17	10	0.81
58	21	25	1.09
76	12	11	16.20
83	26	90	1.01
50	14	54	0.89
35	1	13	0.81
40	31	61	2.75
32	16	2	1.86
3	18	34	0.49
19	14	84	1.30
28	2	48	1.86
50	29	83	0.89
50	10	6	0.89
6	22	9	4.01
17	3	4	0.04
72	6	64	0.61
2	18	11	1.62
18	2	16	1.58
61	20	3	6.89
45	9	79	1.01
10	26	9	2.15
14	28	77	0.93
21	1	86	1.82
24	27	6	2.43
82	27	59	1.22
92	28	17	4.05
60	7	94	6.84
68	13	2	8.10
82	2	63	1.22
83	18	89	1.01
63	21	68	1.54
70	26	54	4.05
47	1	57	4.05
92	5	6	4.05
14	26	27	0.93
8	17	67	2.63
66	10	27	1.46
55	32	92	1.86
25	24	71	5.55
33	20	2	1.86
86	33	33	1.42
90	5	12	4.05
21	7	64	1.82
82	10	4	1.22
56	1	33	0.81
80	20	30	2.92
72	29	2	0.61
44	22	24	4.66
19	1	84	1.30
20	25	84	1.82
36	22	84	6.36
66	21	98	1.46
77	29	21	12.96
43	25	52	8.46
46	12	55	5.79
9	33	5	6.20
10	15	73	2.15
32	22	75	1.86
16	29	50	4.86
93	9	17	4.05
77	33	80	12.96
74	27	67	0.81
46	25	78	5.79
3	19	100	0.49
18	22	99	1.58
22	26	46	2.67
89	4	13	4.05
17	10	31	0.04
31	4	30	1.86
12	30	12	2.84
74	30	40	0.81
19	13	17	1.30
89	21	43	4.05
88	29	22	4.05
36	27	34	6.36
49	23	93	1.34
11	5	95	4.37
21	31	85	1.82
57	5	24	2.23
86	1	16	1.42
12	14	98	2.84
44	31	49	4.66
9	15	18	6.20
1	9	20	5.39
4	13	36	4.33
92	21	31	4.05
77	8	46	12.96
66	17	67	1.46
14	19	11	0.93
11	2	4	4.37
56	5	50	0.81
71	5	79	2.71
29	6	82	1.86
60	26	59	6.84
29	26	4	1.86
10	2	67	2.15
13	22	81	9.19
58	14	97	1.09
38	13	18	6.72
55	23	38	1.86
37	10	40	0.77
8	12	5	2.63
11	12	99	4.37
36	19	71	6.36
15	21	53	2.31
30	7	23	1.86
65	20	55	1.74
8	2	93	2.63
51	18	97	1.74
74	21	32	0.81
75	16	12	1.86
79	29	71	2.67
51	2	93	1.74
18	18	76	1.58
89	11	41	4.05
82	29	97	1.22
78	22	61	1.46
14	17	38	0.93
75	10	87	1.86
86	5	75	1.42
58	23	82	1.09
17	31	18	0.04
55	27	6	1.86
51	22	73	1.74
14	27	24	0.93
48	21	55	4.86
35	18	71	0.81
10	6	42	2.15
85	23	81	4.05
88	26	39	4.05
50	20	40	0.89
55	31	85	1.86
7	32	84	7.82
72	2	101	0.61
17	33	71	0.04
91	31	50	4.05
33	16	11	1.86
69	28	90	4.82
9	10	29	6.20
81	22	92	0.81
81	28	91	0.81
53	27	85	3.65
5	6	32	2.43
14	31	17	0.93
30	9	53	1.86
48	1	23	4.86
40	30	9	2.75
30	16	92	1.86
15	18	11	2.31
59	24	6	6.60
64	19	71	3.69
47	12	84	4.05
13	2	2	9.19
64	18	6	3.69
84	32	97	6.48
91	10	45	4.05
82	16	98	1.22
1	19	39	5.39
6	25	44	4.01
37	15	1	0.77
9	31	39	6.20
87	3	43	4.05
87	26	99	4.05
92	22	98	4.05
88	22	29	4.05
93	18	30	4.05
36	20	6	6.36
76	33	51	16.20
76	3	47	16.20
58	32	33	1.09
56	31	101	0.81
53	30	66	3.65
79	9	20	2.67
56	20	73	0.81
29	20	26	1.86
61	27	86	6.89
58	27	98	1.09
15	15	95	2.31
45	2	90	1.01
13	16	7	9.19
31	3	69	1.86
5	13	31	2.43
28	33	31	1.86
15	22	13	2.31
1	27	77	5.39
89	15	60	4.05
86	20	5	1.42
70	19	74	4.05
50	24	22	0.89
55	2	30	1.86
54	13	69	1.13
71	17	61	2.71
46	2	90	5.79
21	20	61	1.82
40	6	67	2.75
67	16	77	8.10
8	31	74	2.63
39	31	31	1.82
54	23	84	1.13
17	1	29	0.04
36	14	60	6.36
54	5	27	1.13
17	20	46	0.04
55	24	98	1.86
45	7	84	1.01
74	26	54	0.81
84	12	2	6.48
14	21	12	0.93
38	27	71	6.72
80	21	3	2.92
73	8	75	0.61
61	16	78	6.89
46	9	58	5.79
2	30	55	1.62
55	10	97	1.86
50	15	60	0.89
60	29	42	6.84
35	17	31	0.81
11	9	32	4.37
40	14	10	2.75
39	6	59	1.82
44	18	71	4.66
72	22	99	0.61
72	25	46	0.61
82	6	63	1.22
43	6	44	8.46
85	20	61	4.05
72	30	12	0.61
64	26	88	3.69
2	25	63	1.62
76	24	94	16.20
59	16	70	6.60
65	28	5	1.74
61	13	43	6.89
59	4	97	6.60
82	21	55	1.22
68	12	39	8.10
71	16	14	2.71
37	7	98	0.77
8	3	61	2.63
56	25	1	0.81
22	5	21	2.67
18	14	14	1.58
55	7	69	1.86
90	33	18	4.05
9	13	39	6.20
5	15	48	2.43
61	2	23	6.89
61	3	74	6.89
69	11	90	4.82
88	17	32	4.05
7	13	93	7.82
71	15	42	2.71
8	1	64	2.63
30	5	48	1.86
73	27	55	0.61
69	7	96	4.82
58	5	49	1.09
87	8	89	4.05
80	33	34	2.92
25	3	38	5.55
48	26	48	4.86
48	4	63	4.86
91	30	45	4.05
48	30	92	4.86
9	9	29	6.20
54	7	53	1.13
74	10	60	0.81
15	7	45	2.31
1	8	35	5.39
59	7	24	6.60
6	24	14	4.01
90	29	78	4.05
35	19	24	0.81
83	1	29	1.01
37	27	61	0.77
92	32	82	4.05
41	17	54	2.23
62	17	78	7.98
34	6	62	0.81
13	10	61	9.19
36	18	20	6.36
62	32	1	7.98
25	32	99	5.55
56	2	3	0.81
34	2	18	0.81
33	10	41	1.86
65	27	89	1.74
28	32	55	1.86
43	12	11	8.46
61	1	7	6.89
61	10	3	6.89
59	12	42	6.60
13	32	48	9.19
31	23	84	1.86
68	26	51	8.10
18	26	28	1.58
69	8	64	4.82
85	18	95	4.05
86	6	31	1.42
32	27	31	1.86
16	18	9	4.86
63	28	57	1.54
91	2	35	4.05
23	26	59	5.47
44	16	22	4.66
72	27	54	0.61
4	21	2	4.33
61	32	84	6.89
3	27	24	0.49
55	26	29	1.86
87	1	9	4.05
92	15	28	4.05
1	30	76	5.39
70	24	20	4.05
71	13	17	2.71
55	11	30	1.86
89	12	11	4.05
17	32	90	0.04
43	30	94	8.46
51	14	86	1.74
27	21	92	0.49
80	13	65	2.92
5	5	4	2.43
47	23	76	4.05
56	29	74	0.81
45	12	64	1.01
24	6	48	2.43
29	31	7	1.86
32	5	82	1.86
67	21	52	8.10
44	8	41	4.66
19	24	76	1.30
78	5	66	1.46
83	14	84	1.01
34	32	55	0.81
23	24	56	5.47
63	24	37	1.54
69	2	51	4.82
19	11	30	1.30
80	7	71	2.92
21	27	41	1.82
19	9	54	1.30
20	20	68	1.82
57	2	16	2.23
69	9	47	4.82
3	5	69	0.49
68	27	27	8.10
36	2	9	6.36
73	28	68	0.61
55	1	94	1.86
11	20	95	4.37
67	22	50	8.10
10	29	11	2.15
86	8	45	1.42
36	8	59	6.36
6	32	42	4.01
30	12	48	1.86
87	20	63	4.05
40	23	50	2.75
49	16	99	1.34
64	13	21	3.69
12	26	47	2.84
54	19	99	1.13
83	22	75	1.01
22	22	63	2.67
27	18	42	0.49
25	8	83	5.55
44	12	63	4.66
35	6	67	0.81
16	22	92	4.86
85	30	57	4.05
50	3	16	0.89
71	29	18	2.71
64	6	72	3.69
10	14	95	2.15
86	30	32	1.42
51	28	39	1.74
64	14	37	3.69
87	19	3	4.05
40	20	49	2.75
64	2	24	3.69
61	26	87	6.89
1	24	46	5.39
89	32	101	4.05
89	18	81	4.05
78	8	31	1.46
82	23	91	1.22
71	25	50	2.71
41	16	38	2.23
28	16	11	1.86
70	18	68	4.05
65	15	19	1.74
47	9	44	4.05
74	6	14	0.81
11	10	97	4.37
56	9	80	0.81
18	24	29	1.58
52	1	78	0.93
31	16	80	1.86
14	22	53	0.93
54	16	69	1.13
66	6	23	1.46
84	9	53	6.48
80	29	81	2.92
87	21	57	4.05
65	10	34	1.74
1	21	82	5.39
74	20	99	0.81
3	25	67	0.49
51	11	14	1.74
22	2	31	2.67
43	31	59	8.46
90	27	48	4.05
28	13	20	1.86
93	30	74	4.05
59	17	83	6.60
71	24	88	2.71
6	6	83	4.01
11	31	12	4.37
61	8	52	6.89
79	4	62	2.67
31	10	74	1.86
43	10	65	8.46
62	30	10	7.98
45	22	84	1.01
33	25	4	1.86
16	13	21	4.86
76	17	15	16.20
5	11	81	2.43
39	33	39	1.82
1	22	30	5.39
10	5	98	2.15
87	16	73	4.05
90	22	12	4.05
15	16	62	2.31
29	14	79	1.86
11	3	94	4.37
46	4	59	5.79
73	7	73	0.61
45	4	89	1.01
55	9	38	1.86
84	17	23	6.48
78	21	33	1.46
71	4	44	2.71
32	30	66	1.86
26	5	93	0.57
15	25	21	2.31
50	31	81	0.89
30	30	11	1.86
89	23	62	4.05
66	14	77	1.46
3	7	90	0.49
43	18	81	8.46
10	20	49	2.15
84	30	65	6.48
77	2	39	12.96
3	20	33	0.49
87	29	95	4.05
51	12	54	1.74
63	3	97	1.54
30	19	72	1.86
57	20	24	2.23
58	15	89	1.09
88	9	81	4.05
12	25	5	2.84
58	29	25	1.09
73	6	83	0.61
46	11	52	5.79
77	31	11	12.96
32	26	98	1.86
21	24	26	1.82
2	31	47	1.62
65	2	23	1.74
81	12	53	0.81
41	15	97	2.23
50	17	14	0.89
6	28	94	4.01
3	2	68	0.49
90	18	41	4.05
80	15	53	2.92
83	30	99	1.01
79	14	50	2.67
92	17	34	4.05
54	27	51	1.13
18	19	31	1.58
24	5	26	2.43
1	10	78	5.39
84	6	24	6.48
40	2	13	2.75
38	30	57	6.72
59	13	42	6.60
12	19	98	2.84
25	23	68	5.55
48	2	22	4.86
59	15	14	6.60
19	12	4	1.30
25	19	86	5.55
25	11	84	5.55
23	25	29	5.47
70	1	101	4.05
37	28	36	0.77
70	33	88	4.05
84	15	81	6.48
70	11	2	4.05
93	19	36	4.05
77	28	13	12.96
11	19	17	4.37
78	13	55	1.46
18	31	90	1.58
56	23	89	0.81
44	19	8	4.66
47	8	86	4.05
48	8	45	4.86
81	2	28	0.81
92	6	87	4.05
27	30	92	0.49
22	3	98	2.67
72	19	21	0.61
58	3	44	1.09
31	32	67	1.86
18	3	96	1.58
50	21	31	0.89
42	27	69	4.01
87	2	77	4.05
84	27	36	6.48
1	28	37	5.39
63	1	47	1.54
65	14	78	1.74
35	14	23	0.81
6	12	28	4.01
57	29	5	2.23
78	7	101	1.46
24	30	42	2.43
3	32	38	0.49
62	14	15	7.98
3	14	77	0.49
36	9	34	6.36
89	22	1	4.05
46	21	69	5.79
23	7	73	5.47
41	9	21	2.23
53	22	48	3.65
32	33	57	1.86
17	18	49	0.04
80	26	69	2.92
54	22	49	1.13
33	4	76	1.86
2	23	29	1.62
54	2	29	1.13
35	29	28	0.81
20	2	81	1.82
34	17	27	0.81
78	29	38	1.46
55	14	6	1.86
1	15	64	5.39
68	1	38	8.10
1	6	35	5.39
22	18	24	2.67
47	25	32	4.05
29	15	25	1.86
49	8	5	1.34
54	9	49	1.13
85	15	17	4.05
23	23	71	5.47
73	18	93	0.61
73	20	41	0.61
42	23	93	4.01
87	30	65	4.05
82	15	11	1.22
80	12	58	2.92
1	20	28	5.39
17	29	4	0.04
9	30	47	6.20
78	23	6	1.46
51	7	59	1.74
11	7	19	4.37
37	31	27	0.77
82	4	14	1.22
35	2	72	0.81
40	9	81	2.75
56	6	36	0.81
45	33	83	1.01
7	4	62	7.82
23	17	56	5.47
47	13	68	4.05
60	10	89	6.84
62	23	94	7.98
35	4	23	0.81
17	24	41	0.04
49	7	40	1.34
49	32	86	1.34
85	1	98	4.05
49	9	49	1.34
7	26	89	7.82
69	14	20	4.82
52	16	101	0.93
17	6	93	0.04
53	18	40	3.65
39	3	36	1.82
24	33	39	2.43
21	17	67	1.82
66	20	46	1.46
73	32	99	0.61
36	16	33	6.36
29	1	88	1.86
4	24	95	4.33
78	12	18	1.46
26	2	70	0.57
14	25	16	0.93
9	26	88	6.20
46	10	49	5.79
51	27	74	1.74
88	8	77	4.05
28	21	46	1.86
16	15	82	4.86
32	14	57	1.86
92	24	62	4.05
77	32	16	12.96
65	33	38	1.74
93	1	50	4.05
68	32	74	8.10
87	15	83	4.05
69	26	26	4.82
28	26	98	1.86
26	10	81	0.57
40	32	80	2.75
74	17	28	0.81
64	23	57	3.69
3	21	2	0.49
10	23	62	2.15
8	20	8	2.63
86	29	37	1.42
67	10	35	8.10
47	4	85	4.05
34	7	29	0.81
88	3	31	4.05
70	7	101	4.05
34	10	61	0.81
40	7	50	2.75
74	31	81	0.81
13	15	92	9.19
91	7	49	4.05
92	3	29	4.05
44	30	22	4.66
62	11	20	7.98
82	13	49	1.22
83	29	34	1.01
67	8	12	8.10
20	33	4	1.82
70	28	39	4.05
87	17	61	4.05
75	13	101	1.86
27	24	48	0.49
30	20	35	1.86
61	9	60	6.89
71	33	54	2.71
71	7	54	2.71
74	3	72	0.81
78	27	56	1.46
76	29	20	16.20
27	6	81	0.49
58	28	9	1.09
19	16	8	1.30
8	27	36	2.63
32	28	96	1.86
39	22	54	1.82
6	26	59	4.01
81	13	43	0.81
88	20	93	4.05
2	21	18	1.62
7	6	20	7.82
33	9	1	1.86
65	3	66	1.74
82	14	52	1.22
76	28	20	16.20
32	24	68	1.86
31	22	86	1.86
62	21	9	7.98
79	23	29	2.67
4	25	65	4.33
64	21	8	3.69
18	15	92	1.58
35	27	64	0.81
5	18	43	2.43
47	29	9	4.05
32	21	70	1.86
82	5	4	1.22
14	6	10	0.93
33	30	49	1.86
45	3	28	1.01
85	24	73	4.05
79	2	22	2.67
24	1	73	2.43
38	2	98	6.72
1	32	71	5.39
88	14	81	4.05
65	11	22	1.74
67	9	16	8.10
56	17	72	0.81
30	8	35	1.86
63	12	87	1.54
32	32	38	1.86
6	10	62	4.01
75	8	92	1.86
18	30	31	1.58
38	10	64	6.72
6	17	67	4.01
3	31	21	0.49
1	5	84	5.39
81	16	82	0.81
23	18	13	5.47
9	25	66	6.20
86	14	39	1.42
55	15	33	1.86
23	28	94	5.47
7	24	43	7.82
6	30	61	4.01
56	7	97	0.81
15	17	70	2.31
88	25	56	4.05
15	5	99	2.31
40	27	13	2.75
57	9	54	2.23
42	26	76	4.01
31	1	77	1.86
42	14	4	4.01
66	26	43	1.46
23	4	64	5.47
51	32	73	1.74
64	4	9	3.69
53	17	71	3.65
16	32	49	4.86
86	13	9	1.42
82	24	12	1.22
59	6	54	6.60
62	29	72	7.98
22	28	64	2.67
54	3	72	1.13
34	27	18	0.81
79	25	58	2.67
53	31	36	3.65
26	25	97	0.57
74	33	81	0.81
39	28	21	1.82
2	14	29	1.62
12	10	52	2.84
64	8	15	3.69
91	9	42	4.05
42	28	35	4.01
71	30	10	2.71
52	11	95	0.93
90	2	94	4.05
67	6	25	8.10
21	29	50	1.82
34	28	78	0.81
72	10	63	0.61
20	29	68	1.82
28	14	2	1.86
23	6	39	5.47
57	7	50	2.23
8	6	56	2.63
69	17	48	4.82
48	9	79	4.86
12	13	90	2.84
81	20	77	0.81
52	5	38	0.93
40	28	79	2.75
91	29	70	4.05
66	4	84	1.46
30	29	35	1.86
73	13	63	0.61
52	17	3	0.93
42	13	65	4.01
19	31	57	1.30
36	17	74	6.36
33	29	38	1.86
77	19	39	12.96
61	29	27	6.89
93	22	67	4.05
58	8	19	1.09
60	23	59	6.84
27	29	54	0.49
54	1	49	1.13
42	18	23	4.01
65	12	80	1.74
7	1	69	7.82
32	1	36	1.86
16	10	29	4.86
26	14	46	0.57
14	18	45	0.93
34	8	83	0.81
5	20	45	2.43
62	6	90	7.98
15	32	100	2.31
6	5	54	4.01
47	17	79	4.05
30	22	11	1.86
16	17	78	4.86
6	23	44	4.01
57	16	28	2.23
84	25	75	6.48
62	19	92	7.98
61	21	6	6.89
18	5	57	1.58
7	21	74	7.82
50	25	44	0.89
37	22	19	0.77
91	25	84	4.05
2	32	99	1.62
54	31	45	1.13
27	2	51	0.49
44	6	95	4.66
7	9	7	7.82
24	8	84	2.43
7	28	74	7.82
48	22	75	4.86
33	5	72	1.86
79	12	9	2.67
14	5	24	0.93
49	14	53	1.34
89	6	29	4.05
56	8	42	0.81
93	21	68	4.05
22	25	46	2.67
61	23	11	6.89
43	8	18	8.46
54	24	84	1.13
74	11	9	0.81
81	19	47	0.81
29	23	6	1.86
11	29	9	4.37
66	32	92	1.46
1	16	39	5.39
29	30	80	1.86
30	15	11	1.86
82	30	17	1.22
75	18	40	1.86
24	13	36	2.43
58	9	34	1.09
48	27	64	4.86
7	30	47	7.82
65	1	11	1.74
50	23	54	0.89
50	30	97	0.89
6	16	63	4.01
12	8	82	2.84
71	10	28	2.71
28	28	20	1.86
84	29	42	6.48
83	24	58	1.01
57	10	65	2.23
11	16	4	4.37
28	25	95	1.86
70	22	81	4.05
15	8	74	2.31
38	26	4	6.72
42	22	75	4.01
2	10	6	1.62
50	6	70	0.89
68	9	20	8.10
71	19	96	2.71
47	16	85	4.05
42	32	4	4.01
71	21	50	2.71
60	4	37	6.84
55	28	71	1.86
28	1	74	1.86
3	23	59	0.49
32	25	33	1.86
56	28	84	0.81
62	22	1	7.98
81	23	58	0.81
59	33	60	6.60
34	11	9	0.81
72	5	59	0.61
56	4	3	0.81
25	26	69	5.55
79	10	39	2.67
41	22	71	2.23
48	5	6	4.86
29	8	44	1.86
7	33	15	7.82
30	28	85	1.86
86	24	76	1.42
64	27	83	3.69
3	30	3	0.49
35	32	85	0.81
82	3	97	1.22
35	11	98	0.81
18	23	11	1.58
82	31	13	1.22
1	4	8	5.39
45	13	6	1.01
33	22	12	1.86
29	10	75	1.86
42	29	79	4.01
51	25	72	1.74
62	25	84	7.98
47	30	66	4.05
54	25	12	1.13
40	18	9	2.75
26	19	72	0.57
64	11	55	3.69
11	22	70	4.37
49	3	26	1.34
26	28	6	0.57
71	22	3	2.71
83	12	35	1.01
68	29	56	8.10
3	17	32	0.49
34	33	64	0.81
39	25	32	1.82
73	3	96	0.61
26	8	7	0.57
85	22	82	4.05
21	3	47	1.82
78	28	53	1.46
60	12	22	6.84
32	15	25	1.86
24	11	65	2.43
57	28	52	2.23
63	4	76	1.54
27	32	4	0.49
77	9	10	12.96
43	29	94	8.46
68	10	10	8.10
59	28	51	6.60
22	16	12	2.67
80	10	11	2.92
58	4	38	1.09
60	18	83	6.84
65	9	12	1.74
74	14	96	0.81
59	3	20	6.60
11	11	68	4.37
21	5	44	1.82
37	21	85	0.77
88	16	70	4.05
84	20	76	6.48
51	20	31	1.74
91	3	27	4.05
89	31	95	4.05
62	15	30	7.98
61	30	27	6.89
89	29	16	4.05
24	19	46	2.43
43	4	61	8.46
67	3	54	8.10
7	8	20	7.82
10	30	67	2.15
6	2	91	4.01
44	9	38	4.66
91	12	27	4.05
76	31	64	16.20
47	24	92	4.05
69	22	60	4.82
16	21	95	4.86
69	15	89	4.82
46	22	38	5.79
66	13	4	1.46
34	19	49	0.81
28	11	95	1.86
17	23	13	0.04
88	31	88	4.05
18	11	29	1.58
57	27	29	2.23
48	10	59	4.86
80	32	47	2.92
12	7	92	2.84
32	6	86	1.86
20	16	52	1.82
46	28	47	5.79
43	23	42	8.46
29	19	64	1.86
32	18	83	1.86
24	29	101	2.43
10	3	51	2.15
58	20	36	1.09
8	26	40	2.63
81	8	11	0.81
4	5	100	4.33
81	14	90	0.81
80	17	100	2.92
34	5	60	0.81
66	8	37	1.46
9	3	61	6.20
18	12	90	1.58
37	30	39	0.77
91	33	77	4.05
45	1	18	1.01
31	15	9	1.86
66	27	37	1.46
93	5	43	4.05
19	8	51	1.30
86	3	5	1.42
27	20	38	0.49
60	28	18	6.84
63	31	67	1.54
75	6	13	1.86
65	4	58	1.74
81	4	43	0.81
55	21	93	1.86
62	28	84	7.98
1	33	50	5.39
69	23	62	4.82
68	25	27	8.10
72	8	21	0.61
64	22	67	3.69
57	22	81	2.23
13	1	36	9.19
38	29	71	6.72
57	24	84	2.23
21	8	38	1.82
75	12	41	1.86
79	3	97	2.67
36	25	28	6.36
10	8	47	2.15
57	17	89	2.23
53	23	7	3.65
52	21	11	0.93
92	25	36	4.05
42	31	84	4.01
48	12	57	4.86
61	11	27	6.89
11	26	94	4.37
46	26	90	5.79
49	6	17	1.34
22	15	38	2.67
26	29	68	0.57
60	8	45	6.84
75	11	47	1.86
84	22	37	6.48
75	21	94	1.86
4	29	26	4.33
35	8	35	0.81
76	1	67	16.20
60	24	97	6.84
53	26	85	3.65
77	13	96	12.96
49	13	24	1.34
54	28	54	1.13
91	32	13	4.05
8	15	33	2.63
38	3	7	6.72
19	17	26	1.30
36	21	96	6.36
18	8	81	1.58
78	10	15	1.46
72	26	7	0.61
63	11	75	1.54
40	8	19	2.75
32	9	21	1.86
61	28	2	6.89
85	16	56	4.05
84	14	78	6.48
77	5	32	12.96
21	30	25	1.82
71	31	40	2.71
61	22	19	6.89
69	10	81	4.82
52	10	98	0.93
9	24	97	6.20
38	11	97	6.72
33	27	21	1.86
15	10	91	2.31
47	15	82	4.05
43	28	17	8.46
39	1	73	1.82
54	6	12	1.13
63	23	25	1.54
54	14	12	1.13
63	2	76	1.54
78	16	77	1.46
72	31	16	0.61
87	6	30	4.05
4	32	41	4.33
47	28	2	4.05
37	17	9	0.77
9	17	22	6.20
47	6	67	4.05
10	32	60	2.15
24	22	21	2.43
38	21	36	6.72
75	5	20	1.86
41	20	98	2.23
78	3	59	1.46
14	1	62	0.93
11	27	33	4.37
75	7	13	1.86
77	27	48	12.96
27	28	59	0.49
13	27	31	9.19
85	4	71	4.05
3	22	30	0.49
27	11	82	0.49
4	17	33	4.33
68	31	100	8.10
66	5	21	1.46
51	4	30	1.74
80	9	11	2.92
3	33	6	0.49
2	1	57	1.62
11	18	78	4.37
24	9	7	2.43
89	1	45	4.05
69	19	57	4.82
3	15	83	0.49
12	16	82	2.84
69	20	40	4.82
47	5	95	4.05
65	8	26	1.74
47	14	76	4.05
33	6	38	1.86
5	30	92	2.43
74	7	2	0.81
45	31	31	1.01
60	9	33	6.84
10	4	46	2.15
44	15	70	4.66
21	11	100	1.82
51	17	34	1.74
72	21	47	0.61
21	25	73	1.82
10	22	16	2.15
69	4	34	4.82
4	20	78	4.33
45	23	68	1.01
18	16	54	1.58
52	12	62	0.93
45	25	22	1.01
38	9	79	6.72
70	3	66	4.05
79	30	2	2.67
36	29	32	6.36
14	3	89	0.93
75	31	79	1.86
35	33	6	0.81
63	19	94	1.54
23	21	2	5.47
6	21	21	4.01
3	24	34	0.49
86	32	64	1.42
42	8	25	4.01
73	15	34	0.61
9	23	11	6.20
92	29	13	4.05
50	2	22	0.89
70	10	14	4.05
33	17	74	1.86
26	13	65	0.57
66	16	25	1.46
79	18	18	2.67
45	5	67	1.01
7	23	16	7.82
36	24	90	6.36
21	6	23	1.82
73	14	4	0.61
89	30	20	4.05
83	7	52	1.01
73	12	41	0.61
15	20	58	2.31
36	13	77	6.36
32	8	68	1.86
26	11	11	0.57
5	8	32	2.43
49	19	68	1.34
89	14	14	4.05
79	15	13	2.67
37	23	73	0.77
64	32	7	3.69
71	18	51	2.71
56	10	42	0.81
68	17	86	8.10
67	14	98	8.10
6	11	57	4.01
36	3	10	6.36
88	27	52	4.05
85	14	84	4.05
16	1	70	4.86
45	24	89	1.01
41	19	43	2.23
8	28	63	2.63
70	23	86	4.05
55	13	46	1.86
82	9	26	1.22
72	24	2	0.61
47	26	54	4.05
70	14	75	4.05
54	4	71	1.13
70	32	68	4.05
13	9	34	9.19
89	27	38	4.05
5	14	91	2.43
88	11	58	4.05
75	17	60	1.86
69	29	13	4.82
77	3	55	12.96
28	30	6	1.86
53	21	6	3.65
64	24	89	3.69
1	18	59	5.39
76	23	60	16.20
33	33	50	1.86
54	15	4	1.13
59	5	77	6.60
20	10	13	1.82
20	3	29	1.82
74	22	10	0.81
7	22	70	7.82
53	1	54	3.65
65	17	39	1.74
63	10	7	1.54
3	16	32	0.49
30	2	34	1.86
78	25	28	1.46
92	10	13	4.05
30	14	22	1.86
24	4	36	2.43
49	4	66	1.34
79	8	77	2.67
76	10	39	16.20
57	13	65	2.23
68	33	96	8.10
16	30	45	4.86
72	1	82	0.61
52	33	55	0.93
42	20	94	4.01
9	11	93	6.20
4	12	100	4.33
64	28	27	3.69
46	14	26	5.79
3	29	87	0.49
54	32	82	1.13
90	13	80	4.05
23	22	17	5.47
10	13	28	2.15
19	6	19	1.30
35	16	6	0.81
23	16	23	5.47
14	7	60	0.93
17	19	26	0.04
20	8	21	1.82
60	14	54	6.84
50	19	76	0.89
36	31	48	6.36
17	5	72	0.04
81	5	20	0.81
72	32	67	0.61
67	19	28	8.10
16	9	92	4.86
65	6	75	1.74
37	26	97	0.77
48	25	88	4.86
73	10	27	0.61
60	3	1	6.84
60	22	85	6.84
85	28	13	4.05
77	18	30	12.96
49	22	65	1.34
42	2	36	4.01
20	9	41	1.82
49	26	17	1.34
37	19	47	0.77
61	7	55	6.89
92	23	20	4.05
90	12	53	4.05
34	30	30	0.81
49	10	87	1.34
92	31	8	4.05
69	3	71	4.82
74	24	31	0.81
80	19	61	2.92
15	3	90	2.31
91	23	89	4.05
58	26	44	1.09
27	13	10	0.49
41	6	96	2.23
72	18	8	0.61
10	27	46	2.15
18	20	10	1.58
13	4	62	9.19
64	25	39	3.69
5	7	94	2.43
55	18	11	1.86
91	14	46	4.05
92	1	78	4.05
74	2	49	0.81
37	20	17	0.77
34	13	28	0.81
79	5	4	2.67
44	17	58	4.66
47	19	59	4.05
81	29	83	0.81
6	9	45	4.01
68	5	93	8.10
77	4	83	12.96
37	29	15	0.77
78	9	60	1.46
13	33	90	9.19
39	27	2	1.82
8	10	56	2.63
27	26	7	0.49
44	1	47	4.66
37	1	100	0.77
28	3	57	1.86
64	1	22	3.69
20	4	75	1.82
22	10	19	2.67
10	12	79	2.15
19	18	73	1.30
55	16	17	1.86
77	23	30	12.96
89	5	34	4.05
24	24	27	2.43
67	18	73	8.10
14	24	13	0.93
73	22	28	0.61
34	24	52	0.81
34	26	67	0.81
50	7	77	0.89
81	1	76	0.81
8	30	25	2.63
45	14	97	1.01
83	8	53	1.01
12	9	35	2.84
83	5	38	1.01
31	20	34	1.86
2	16	58	1.62
3	28	96	0.49
34	29	45	0.81
87	13	82	4.05
27	22	84	0.49
38	8	98	6.72
16	11	14	4.86
43	24	85	8.46
66	11	45	1.46
26	12	56	0.57
83	23	57	1.01
57	31	13	2.23
37	14	14	0.77
91	22	9	4.05
90	8	50	4.05
69	12	13	4.82
39	20	48	1.82
55	25	14	1.86
41	23	90	2.23
21	26	29	1.82
28	23	28	1.86
39	9	3	1.82
9	1	73	6.20
46	13	85	5.79
69	13	10	4.82
77	21	89	12.96
92	12	30	4.05
46	24	22	5.79
43	19	50	8.46
40	17	90	2.75
71	20	98	2.71
1	11	61	5.39
16	27	33	4.86
73	4	1	0.61
35	13	23	0.81
65	26	28	1.74
33	28	95	1.86
79	1	9	2.67
86	23	78	1.42
38	16	90	6.72
39	5	54	1.82
27	4	40	0.49
47	21	86	4.05
93	8	49	4.05
70	9	24	4.05
78	6	25	1.46
19	25	35	1.30
10	17	85	2.15
64	16	21	3.69
20	27	51	1.82
91	8	36	4.05
73	30	27	0.61
65	22	54	1.74
88	23	81	4.05
14	23	39	0.93
44	10	73	4.66
68	14	28	8.10
70	4	95	4.05
57	21	66	2.23
39	26	36	1.82
75	28	59	1.86
57	3	66	2.23
72	23	36	0.61
61	24	23	6.89
49	21	22	1.34
37	3	52	0.77
87	4	77	4.05
27	8	16	0.49
4	27	18	4.33
12	32	88	2.84
60	33	32	6.84
54	29	89	1.13
61	19	26	6.89
17	12	92	0.04
83	3	81	1.01
82	18	12	1.22
71	9	8	2.71
41	21	86	2.23
13	6	1	9.19
15	23	53	2.31
62	33	41	7.98
84	4	86	6.48
19	32	59	1.30
15	13	75	2.31
81	9	99	0.81
52	18	5	0.93
52	28	7	0.93
28	20	70	1.86
73	21	90	0.61
71	6	43	2.71
75	1	80	1.86
41	27	5	2.23
77	12	58	12.96
79	27	50	2.67
59	29	82	6.60
16	6	34	4.86
87	5	52	4.05
33	23	37	1.86
80	28	55	2.92
55	4	46	1.86
26	24	97	0.57
84	3	66	6.48
59	11	87	6.60
74	13	95	0.81
63	8	83	1.54
20	5	89	1.82
87	22	86	4.05
67	20	94	8.10
1	26	3	5.39
14	14	90	0.93
56	30	87	0.81
7	12	91	7.82
22	8	20	2.67
33	21	96	1.86
21	4	17	1.82
57	6	15	2.23
51	5	52	1.74
32	3	3	1.86
90	23	17	4.05
29	27	62	1.86
36	1	31	6.36
66	2	59	1.46
71	32	30	2.71
36	5	63	6.36
52	25	94	0.93
28	27	78	1.86
50	4	76	0.89
41	1	19	2.23
1	13	33	5.39
26	20	84	0.57
56	21	27	0.81
75	30	42	1.86
5	33	21	2.43
34	31	98	0.81
85	9	23	4.05
67	15	50	8.10
48	3	3	4.86
50	1	58	0.89
68	21	93	8.10
59	1	28	6.60
61	18	37	6.89
63	30	2	1.54
2	5	69	1.62
87	12	71	4.05
15	24	2	2.31
69	1	62	4.82
15	6	13	2.31
51	23	42	1.74
5	23	57	2.43
5	28	31	2.43
67	5	45	8.10
21	9	62	1.82
27	9	93	0.49
31	14	27	1.86
16	4	23	4.86
8	29	3	2.63
66	1	47	1.46
83	4	96	1.01
38	25	71	6.72
6	20	85	4.01
1	12	59	5.39
54	21	28	1.13
68	11	13	8.10
56	24	4	0.81
85	27	39	4.05
19	26	96	1.30
21	12	61	1.82
46	3	94	5.79
34	1	86	0.81
75	22	62	1.86
7	17	75	7.82
73	33	93	0.61
16	7	60	4.86
43	32	69	8.46
76	15	11	16.20
26	30	100	0.57
36	15	100	6.36
89	2	93	4.05
35	24	65	0.81
93	31	5	4.05
24	12	46	2.43
93	2	86	4.05
4	26	14	4.33
38	14	43	6.72
85	2	63	4.05
16	31	99	4.86
60	5	18	6.84
24	10	46	2.43
42	6	17	4.01
41	18	13	2.23
80	2	89	2.92
90	28	7	4.05
10	16	22	2.15
43	9	14	8.46
37	32	30	0.77
11	25	58	4.37
87	7	86	4.05
61	31	22	6.89
88	19	5	4.05
27	3	85	0.49
17	14	96	0.04
68	18	72	8.10
27	16	93	0.49
35	28	11	0.81
5	32	65	2.43
89	19	9	4.05
13	21	56	9.19
10	1	70	2.15
7	27	42	7.82
14	11	37	0.93
84	13	95	6.48
30	6	29	1.86
25	17	33	5.55
59	20	27	6.60
2	26	40	1.62
41	11	84	2.23
14	4	70	0.93
67	2	63	8.10
87	14	20	4.05
84	26	94	6.48
5	21	61	2.43
69	25	1	4.82
67	25	24	8.10
37	18	29	0.77
64	30	56	3.69
33	13	95	1.86
61	12	34	6.89
66	25	48	1.46
13	24	91	9.19
93	29	65	4.05
38	12	17	6.72
46	23	73	5.79
35	10	50	0.81
51	6	58	1.74
4	23	4	4.33
79	20	90	2.67
15	14	93	2.31
5	31	69	2.43
75	32	38	1.86
16	25	4	4.86
38	18	73	6.72
87	27	96	4.05
1	2	27	5.39
93	3	20	4.05
85	17	86	4.05
67	27	43	8.10
60	2	19	6.84
53	6	34	3.65
37	16	94	0.77
51	21	57	1.74
90	24	93	4.05
60	32	59	6.84
59	10	87	6.60
52	8	63	0.93
89	16	19	4.05
39	24	29	1.82
48	28	6	4.86
28	9	13	1.86
16	26	99	4.86
3	1	48	0.49
7	31	53	7.82
62	9	88	7.98
5	3	90	2.43
9	21	89	6.20
29	22	91	1.86
53	24	55	3.65
57	30	21	2.23
9	12	49	6.20
78	15	69	1.46
46	15	47	5.79
67	12	13	8.10
50	16	50	0.89
2	15	65	1.62
66	9	46	1.46
18	10	92	1.58
62	5	90	7.98
11	23	91	4.37
64	33	93	3.69
5	1	76	2.43
26	32	22	0.57
26	26	26	0.57
4	4	60	4.33
24	28	87	2.43
72	15	12	0.61
31	2	4	1.86
49	25	68	1.34
48	29	45	4.86
59	2	95	6.60
80	27	72	2.92
24	7	49	2.43
35	30	5	0.81
73	29	12	0.61
30	27	70	1.86
72	28	39	0.61
34	12	72	0.81
63	15	82	1.54
59	23	100	6.60
23	1	52	5.47
44	4	55	4.66
22	29	65	2.67
44	5	67	4.66
78	2	14	1.46
30	24	54	1.86
5	2	1	2.43
66	18	12	1.46
4	7	79	4.33
74	4	19	0.81
84	7	20	6.48
79	21	76	2.67
9	27	3	6.20
17	22	95	0.04
55	12	75	1.86
10	7	40	2.15
76	21	92	16.20
78	19	101	1.46
4	10	56	4.33
89	3	78	4.05
62	8	17	7.98
1	7	28	5.39
7	14	64	7.82
52	15	22	0.93
55	3	97	1.86
31	25	45	1.86
39	16	75	1.82
85	25	31	4.05
6	31	79	4.01
30	26	73	1.86
55	5	26	1.86
35	23	10	0.81
43	3	83	8.46
16	23	99	4.86
39	21	48	1.82
28	5	73	1.86
45	10	34	1.01
84	11	81	6.48
70	13	22	4.05
49	5	34	1.34
74	5	99	0.81
79	11	48	2.67
89	9	22	4.05
81	27	99	0.81
8	7	10	2.63
27	27	16	0.49
92	19	9	4.05
33	32	45	1.86
37	9	41	0.77
86	4	78	1.42
62	20	27	7.98
70	5	30	4.05
67	17	81	8.10
41	29	8	2.23
31	6	10	1.86
79	33	58	2.67
76	25	71	16.20
78	33	15	1.46
62	2	9	7.98
42	33	7	4.01
3	13	8	0.49
76	30	60	16.20
76	11	7	16.20
32	11	84	1.86
18	25	35	1.58
75	9	47	1.86
93	14	50	4.05
64	12	48	3.69
58	7	99	1.09
53	20	27	3.65
70	6	23	4.05
28	7	37	1.86
28	29	83	1.86
2	20	57	1.62
51	8	76	1.74
93	6	40	4.05
2	28	54	1.62
52	20	62	0.93
59	26	58	6.60
72	17	55	0.61
15	28	80	2.31
44	29	65	4.66
93	7	98	4.05
8	4	12	2.63
18	9	44	1.58
45	29	39	1.01
48	13	56	4.86
77	16	69	12.96
88	4	59	4.05
53	11	85	3.65
93	13	27	4.05
72	11	91	0.61
7	29	38	7.82
34	25	100	0.81
54	30	84	1.13
21	18	65	1.82
42	30	72	4.01
9	22	48	6.20
9	5	37	6.20
18	13	93	1.58
40	25	80	2.75
76	9	67	16.20
48	19	95	4.86
23	2	95	5.47
8	24	36	2.63
79	22	35	2.67
58	1	91	1.09
42	19	30	4.01
38	22	2	6.72
64	29	90	3.69
24	2	60	2.43
11	30	26	4.37
43	20	17	8.46
24	21	92	2.43
41	28	16	2.23
46	18	87	5.79
46	6	101	5.79
90	6	41	4.05
53	28	75	3.65
72	12	47	0.61
77	24	3	12.96
82	22	53	1.22
45	6	88	1.01
23	12	67	5.47
22	19	84	2.67
10	24	86	2.15
65	29	17	1.74
43	33	3	8.46
17	28	25	0.04
79	16	87	2.67
17	7	36	0.04
35	5	5	0.81
40	26	3	2.75
69	5	18	4.82
2	6	65	1.62
12	6	49	2.84
90	11	22	4.05
86	10	66	1.42
35	21	20	0.81
47	10	44	4.05
49	28	96	1.34
23	13	45	5.47
23	8	83	5.47
64	20	81	3.69
8	33	82	2.63
21	10	41	1.82
62	18	67	7.98
45	8	28	1.01
38	20	73	6.72
52	9	76	0.93
69	16	7	4.82
47	7	31	4.05
56	15	3	0.81
58	16	15	1.09
58	17	96	1.09
73	31	61	0.61
88	15	81	4.05
22	17	99	2.67
10	31	21	2.15
43	27	9	8.46
82	11	7	1.22
80	23	48	2.92
87	11	11	4.05
53	12	23	3.65
13	29	7	9.19
50	11	63	0.89
45	19	53	1.01
38	17	72	6.72
90	21	90	4.05
49	33	22	1.34
80	14	49	2.92
29	12	82	1.86
23	10	91	5.47
31	26	95	1.86
9	6	36	6.20
77	15	51	12.96
54	18	51	1.13
82	8	87	1.22
68	22	64	8.10
86	2	54	1.42
30	1	58	1.86
53	13	85	3.65
75	24	77	1.86
39	29	19	1.82
28	31	7	1.86
19	19	79	1.30
42	1	13	4.01
34	15	96	0.81
59	30	57	6.60
52	2	27	0.93
59	19	5	6.60
70	2	88	4.05
43	14	7	8.46
40	1	94	2.75
18	33	59	1.58
24	14	40	2.43
52	22	58	0.93
41	5	14	2.23
20	19	19	1.82
48	11	5	4.86
52	30	79	0.93
26	6	93	0.57
42	4	94	4.01
79	19	29	2.67
89	20	68	4.05
74	28	34	0.81
44	33	23	4.66
32	20	62	1.86
69	31	85	4.82
4	6	48	4.33
9	29	3	6.20
45	16	58	1.01
31	19	70	1.86
89	10	94	4.05
27	10	57	0.49
20	18	89	1.82
29	18	90	1.86
81	33	99	0.81
93	27	26	4.05
44	3	2	4.66
14	29	38	0.93
12	29	20	2.84
81	30	77	0.81
31	24	57	1.86
65	19	67	1.74
58	11	91	1.09
53	33	89	3.65
54	33	60	1.13
4	31	1	4.33
43	26	35	8.46
7	20	11	7.82
36	11	53	6.36
89	13	71	4.05
46	7	44	5.79
84	24	41	6.48
25	18	55	5.55
51	15	42	1.74
31	30	41	1.86
68	4	41	8.10
26	23	70	0.57
89	8	14	4.05
42	7	25	4.01
92	33	92	4.05
13	26	57	9.19
76	26	50	16.20
86	19	23	1.42
76	13	71	16.20
14	20	35	0.93
88	24	98	4.05
65	7	70	1.74
62	12	41	7.98
25	4	86	5.55
41	14	12	2.23
20	17	46	1.82
75	33	19	1.86
11	13	9	4.37
33	2	80	1.86
55	30	53	1.86
33	3	20	1.86
27	1	92	0.49
40	3	29	2.75
90	4	93	4.05
54	11	72	1.13
13	7	30	9.19
40	16	18	2.75
21	22	96	1.82
\.


--
-- Data for Name: conta_pagar; Type: TABLE DATA; Schema: public; Owner: -
--

COPY public.conta_pagar (id_conta_pagar, id_compra, id_fornecedor, valor, juros, data_vencimento, data_pagamento, pago) FROM stdin;
2	32	4	113.97	0.00	2010-11-08	2010-11-08	S
4	8	2	121.39	0.00	2010-07-15	2010-07-15	S
8	11	2	136.24	0.00	2010-10-08	2010-10-08	S
15	24	1	86.62	0.00	2011-04-09	2011-04-09	S
18	17	2	119.01	0.00	2011-07-20	2011-07-20	S
24	6	1	135.40	0.00	2011-03-29	2011-03-29	S
26	29	4	133.45	0.00	2010-05-28	2010-05-28	S
30	31	1	119.34	0.00	2010-01-17	2010-01-17	S
36	32	4	113.97	0.00	2010-11-02	2010-11-02	S
1	25	4	255.98	0.00	2011-05-15	2011-05-15	S
7	26	2	242.60	0.00	2011-01-07	2011-01-07	S
9	18	4	255.99	0.00	2010-07-08	2010-07-08	S
11	3	2	270.90	0.00	2011-05-29	2011-05-29	S
12	13	1	263.89	0.00	2010-08-13	2010-08-13	S
13	22	4	273.61	0.00	2011-04-06	2011-04-06	S
14	9	4	294.38	0.00	2010-05-15	2010-05-15	S
16	14	1	259.89	0.00	2011-06-01	2011-06-01	S
17	27	1	235.67	0.00	2010-08-25	2010-08-25	S
20	15	3	251.85	0.00	2010-04-16	2010-04-16	S
21	4	1	262.07	0.00	2011-04-13	2011-04-13	S
23	33	2	201.80	0.00	2010-07-05	2010-07-05	S
27	2	4	249.44	0.00	2010-09-26	2010-09-26	S
3	12	4	139.28	0.00	2011-12-28	\N	N
5	1	4	125.72	0.00	2011-11-26	\N	N
6	10	3	253.81	0.00	2011-09-07	\N	N
10	16	4	253.80	0.00	2011-12-03	\N	N
19	28	3	237.62	0.00	2011-09-30	\N	N
22	30	2	256.00	0.00	2011-08-19	\N	N
25	19	2	267.23	0.00	2011-09-11	\N	N
28	21	4	268.07	0.00	2010-05-26	2010-05-26	S
29	23	4	274.07	0.00	2011-04-26	2011-04-26	S
31	20	1	257.70	0.00	2010-03-27	2010-03-27	S
33	7	3	249.35	0.00	2011-08-11	2011-08-11	S
38	8	2	121.39	0.00	2010-07-03	2010-07-03	S
39	11	2	136.24	0.00	2010-10-22	2010-10-22	S
45	24	1	86.62	0.00	2011-04-17	2011-04-17	S
41	24	1	86.62	0.00	2011-04-17	2011-04-17	S
37	17	2	119.01	0.00	2011-07-10	2011-07-10	S
42	6	1	135.40	0.00	2011-03-15	2011-03-15	S
43	29	4	133.45	0.00	2010-06-06	2010-06-06	S
35	31	1	119.34	0.00	2010-01-25	2010-01-25	S
32	5	4	261.09	0.00	2011-08-26	\N	N
44	12	4	139.28	0.00	2012-01-12	\N	N
40	1	4	125.72	0.00	2011-11-27	\N	N
\.


--
-- Name: conta_pagar_id_conta_pagar_seq; Type: SEQUENCE SET; Schema: public; Owner: -
--

SELECT pg_catalog.setval('public.conta_pagar_id_conta_pagar_seq', 45, true);


--
-- Data for Name: conta_receber; Type: TABLE DATA; Schema: public; Owner: -
--

COPY public.conta_receber (id_conta_receber, id_cliente, id_venda, valor, juros, data_vencimento, data_pagamento, pago) FROM stdin;
98	50	135	26.50	0.00	2012-09-23	\N	N
114	61	325	29.15	0.00	2012-06-19	\N	N
122	78	284	23.05	0.00	2012-11-11	\N	N
126	9	57	14.05	0.00	2012-12-06	\N	N
131	109	76	15.65	0.00	2013-01-24	\N	N
132	45	69	11.10	0.00	2012-09-13	\N	N
140	97	273	30.35	0.00	2012-10-06	\N	N
142	47	296	36.10	0.00	2012-06-30	\N	N
143	61	282	22.80	0.00	2013-01-18	\N	N
147	98	324	13.90	0.00	2012-06-19	\N	N
149	31	90	23.30	0.00	2012-12-24	\N	N
152	109	146	21.00	0.00	2012-08-18	\N	N
153	13	139	11.85	0.00	2012-12-31	\N	N
154	21	59	26.45	0.00	2012-08-26	\N	N
157	41	338	27.00	0.00	2012-08-22	\N	N
161	62	271	1.15	0.00	2012-09-05	\N	N
162	64	243	37.60	0.00	2012-12-04	\N	N
170	73	248	13.60	0.00	2012-11-30	\N	N
172	85	84	16.35	0.00	2012-10-01	\N	N
173	29	145	5.40	0.00	2013-01-10	\N	N
174	22	207	11.80	0.00	2012-09-04	\N	N
177	11	74	13.25	0.00	2012-11-23	\N	N
181	85	315	26.10	0.00	2012-10-23	\N	N
183	67	71	24.00	0.00	2012-12-30	\N	N
184	89	29	9.50	0.00	2013-01-08	\N	N
188	78	72	33.85	0.00	2012-10-25	\N	N
195	84	141	36.65	0.00	2012-07-10	\N	N
200	85	247	34.30	0.00	2012-07-29	\N	N
207	31	297	14.70	0.00	2012-12-05	\N	N
217	59	47	8.30	0.00	2012-09-17	\N	N
219	102	148	20.25	0.00	2012-08-06	\N	N
226	71	368	36.90	0.00	2012-09-24	\N	N
233	50	361	41.20	0.00	2012-12-15	\N	N
238	19	153	38.65	0.00	2012-09-29	\N	N
239	47	200	48.60	0.00	2012-11-01	\N	N
242	72	182	13.70	0.00	2012-11-15	\N	N
247	118	277	19.85	0.00	2012-10-28	\N	N
249	76	261	42.35	0.00	2012-09-14	\N	N
254	22	44	46.75	0.00	2012-12-24	\N	N
255	13	371	10.60	0.00	2012-06-20	\N	N
262	114	233	10.45	0.00	2012-08-18	\N	N
263	110	206	10.20	0.00	2013-01-06	\N	N
264	98	111	12.40	0.00	2012-11-18	\N	N
269	17	226	31.20	0.00	2012-10-25	\N	N
270	70	86	8.75	0.00	2012-09-16	\N	N
271	66	49	27.50	0.00	2012-08-10	\N	N
277	113	45	47.95	0.00	2012-10-03	\N	N
279	26	199	9.55	0.00	2012-07-18	\N	N
281	92	293	10.70	0.00	2012-06-19	\N	N
282	75	60	2.90	0.00	2013-01-04	\N	N
283	70	365	31.00	0.00	2012-08-06	\N	N
285	9	165	23.50	0.00	2012-09-21	\N	N
291	98	124	22.60	0.00	2012-12-22	\N	N
292	103	5	27.45	0.00	2012-09-14	\N	N
294	98	229	26.60	0.00	2012-07-04	\N	N
299	10	43	33.30	0.00	2012-12-11	\N	N
301	86	367	17.95	0.00	2012-10-01	\N	N
302	68	259	32.55	0.00	2013-01-01	\N	N
303	17	166	19.00	0.00	2012-08-15	\N	N
306	59	291	15.65	0.00	2012-12-17	\N	N
307	74	254	11.60	0.00	2012-07-09	\N	N
378	106	240	26.55	0.00	2012-10-28	\N	N
379	105	128	10.40	0.00	2012-11-22	\N	N
382	21	283	14.60	0.00	2012-08-26	\N	N
385	113	231	32.30	0.00	2013-01-11	\N	N
393	58	202	19.10	0.00	2012-09-26	\N	N
1	56	26	0.00	0.00	2012-06-25	\N	N
6	84	195	5.40	0.00	2013-01-01	\N	N
7	75	106	38.60	0.00	2012-06-21	\N	N
8	68	120	4.10	0.00	2012-12-04	\N	N
11	71	264	36.90	0.00	2012-10-24	\N	N
13	21	80	33.25	0.00	2012-12-12	\N	N
16	21	179	22.35	0.00	2012-09-09	\N	N
20	43	370	33.65	0.00	2012-09-04	\N	N
22	47	99	13.70	0.00	2012-09-22	\N	N
32	94	162	13.60	0.00	2012-08-31	\N	N
2	66	123	0.00	0.00	2012-04-21	2012-04-21	S
3	40	253	0.00	0.00	2011-05-21	2011-05-21	S
4	11	129	32.10	0.00	2011-03-17	2011-03-17	S
5	11	251	24.10	0.00	2012-01-06	2012-01-06	S
9	17	285	26.00	0.00	2012-03-09	2012-03-09	S
10	38	8	21.15	0.00	2011-02-27	2011-02-27	S
12	112	305	23.90	0.00	2011-12-14	2011-12-14	S
14	105	318	14.05	0.00	2011-05-22	2011-05-22	S
15	63	312	12.25	0.00	2012-03-02	2012-03-02	S
17	104	209	30.50	0.00	2012-01-02	2012-01-02	S
18	97	276	38.95	0.00	2011-07-17	2011-07-17	S
19	31	110	25.70	0.00	2011-12-12	2011-12-12	S
21	49	175	12.25	0.00	2011-08-10	2011-08-10	S
23	58	48	37.20	0.00	2011-03-04	2011-03-04	S
24	23	28	38.25	0.00	2011-03-04	2011-03-04	S
25	3	313	19.10	0.00	2011-04-16	2011-04-16	S
26	63	262	41.80	0.00	2011-11-23	2011-11-23	S
27	59	94	25.20	0.00	2011-02-12	2011-02-12	S
28	66	362	36.50	0.00	2011-03-11	2011-03-11	S
29	103	204	23.80	0.00	2011-12-12	2011-12-12	S
30	52	151	19.00	0.00	2011-06-25	2011-06-25	S
31	98	384	15.75	0.00	2012-05-26	2012-05-26	S
33	80	30	20.65	0.00	2012-10-29	\N	N
36	62	299	10.35	0.00	2012-08-04	\N	N
41	51	329	30.00	0.00	2012-07-16	\N	N
43	80	214	29.15	0.00	2012-06-30	\N	N
49	60	20	5.95	0.00	2012-11-29	\N	N
51	49	330	32.00	0.00	2012-07-11	\N	N
52	64	82	40.55	0.00	2012-07-31	\N	N
54	89	359	26.55	0.00	2012-12-13	\N	N
55	93	213	25.35	0.00	2012-07-14	\N	N
56	109	137	16.80	0.00	2012-12-31	\N	N
59	72	185	14.20	0.00	2012-10-27	\N	N
60	105	379	19.95	0.00	2012-07-17	\N	N
61	106	292	24.60	0.00	2012-09-29	\N	N
62	118	168	9.45	0.00	2013-01-02	\N	N
63	24	136	8.40	0.00	2012-06-22	\N	N
64	104	218	7.90	0.00	2012-12-19	\N	N
72	29	27	12.35	0.00	2012-12-01	\N	N
73	11	286	18.05	0.00	2012-08-11	\N	N
77	34	93	3.50	0.00	2012-07-22	\N	N
78	110	389	16.75	0.00	2012-10-15	\N	N
82	70	335	7.35	0.00	2012-12-15	\N	N
90	59	295	18.45	0.00	2012-10-09	\N	N
91	97	11	48.90	0.00	2012-09-22	\N	N
92	32	302	12.45	0.00	2012-06-21	\N	N
96	79	126	11.40	0.00	2012-10-03	\N	N
34	95	119	23.05	0.00	2011-08-20	2011-08-20	S
35	53	356	35.05	0.00	2011-03-01	2011-03-01	S
37	60	270	31.00	0.00	2011-03-13	2011-03-13	S
38	71	95	30.45	0.00	2012-02-18	2012-02-18	S
39	27	122	9.05	0.00	2012-01-07	2012-01-07	S
40	35	62	29.70	0.00	2011-04-06	2011-04-06	S
42	75	268	27.90	0.00	2012-02-13	2012-02-13	S
44	63	310	13.10	0.00	2012-05-02	2012-05-02	S
45	75	180	26.40	0.00	2011-12-27	2011-12-27	S
46	3	390	28.90	0.00	2011-08-20	2011-08-20	S
47	2	127	25.60	0.00	2011-03-24	2011-03-24	S
48	105	101	33.95	0.00	2012-03-21	2012-03-21	S
50	75	339	26.80	0.00	2011-07-08	2011-07-08	S
53	96	25	14.85	0.00	2011-05-12	2011-05-12	S
57	74	117	28.40	0.00	2011-12-23	2011-12-23	S
58	74	265	25.95	0.00	2012-03-29	2012-03-29	S
65	83	196	32.15	0.00	2011-12-06	2011-12-06	S
66	60	309	25.20	0.00	2011-12-29	2011-12-29	S
67	4	373	15.75	0.00	2012-03-13	2012-03-13	S
68	75	349	44.00	0.00	2011-04-11	2011-04-11	S
69	104	363	22.00	0.00	2011-11-03	2011-11-03	S
70	104	341	37.45	0.00	2011-10-13	2011-10-13	S
71	74	238	47.15	0.00	2011-12-19	2011-12-19	S
74	56	230	14.50	0.00	2011-11-22	2011-11-22	S
75	100	155	44.35	0.00	2011-01-24	2011-01-24	S
76	34	149	18.70	0.00	2011-03-18	2011-03-18	S
79	90	307	23.10	0.00	2011-04-22	2011-04-22	S
80	45	382	31.75	0.00	2011-10-17	2011-10-17	S
81	113	97	61.65	0.00	2011-09-06	2011-09-06	S
83	118	205	52.65	0.00	2012-03-26	2012-03-26	S
84	103	197	32.30	0.00	2011-02-22	2011-02-22	S
85	35	187	44.20	0.00	2011-03-04	2011-03-04	S
86	37	114	12.95	0.00	2012-03-07	2012-03-07	S
87	58	351	15.20	0.00	2011-07-15	2011-07-15	S
88	1	191	21.60	0.00	2012-02-02	2012-02-02	S
89	78	156	25.90	0.00	2011-07-30	2011-07-30	S
93	109	386	40.80	0.00	2012-02-29	2012-02-29	S
94	27	269	18.40	0.00	2011-11-30	2011-11-30	S
95	96	249	2.20	0.00	2011-04-24	2011-04-24	S
97	86	194	29.95	0.00	2012-04-20	2012-04-20	S
99	67	228	11.35	0.00	2011-12-10	2011-12-10	S
100	44	252	13.85	0.00	2011-08-27	2011-08-27	S
101	39	39	24.70	0.00	2011-11-30	2011-11-30	S
102	36	316	42.35	0.00	2011-06-20	2011-06-20	S
103	116	132	25.65	0.00	2011-09-06	2011-09-06	S
104	74	336	22.55	0.00	2012-03-28	2012-03-28	S
105	94	378	34.65	0.00	2011-07-13	2011-07-13	S
106	30	131	48.50	0.00	2012-06-07	2012-06-07	S
107	97	369	21.95	0.00	2011-07-13	2011-07-13	S
108	65	178	15.55	0.00	2011-11-30	2011-11-30	S
109	96	67	17.00	0.00	2011-08-11	2011-08-11	S
110	108	255	8.90	0.00	2011-12-26	2011-12-26	S
111	118	357	20.25	0.00	2012-04-06	2012-04-06	S
112	87	241	13.70	0.00	2011-09-13	2011-09-13	S
113	34	352	11.00	0.00	2011-12-28	2011-12-28	S
115	53	395	3.70	0.00	2012-03-22	2012-03-22	S
116	88	17	20.15	0.00	2011-03-19	2011-03-19	S
117	110	142	33.80	0.00	2011-08-08	2011-08-08	S
118	83	66	2.95	0.00	2011-09-19	2011-09-19	S
119	65	224	7.05	0.00	2011-02-10	2011-02-10	S
120	88	160	33.60	0.00	2011-03-07	2011-03-07	S
121	93	89	35.50	0.00	2012-03-11	2012-03-11	S
123	112	50	3.05	0.00	2011-07-06	2011-07-06	S
124	22	33	13.40	0.00	2011-09-03	2011-09-03	S
125	43	109	26.95	0.00	2011-01-20	2011-01-20	S
127	79	51	36.40	0.00	2012-04-23	2012-04-23	S
128	112	239	15.95	0.00	2011-07-09	2011-07-09	S
129	96	31	15.60	0.00	2012-02-04	2012-02-04	S
130	107	288	13.85	0.00	2012-02-02	2012-02-02	S
133	5	334	44.20	0.00	2012-04-05	2012-04-05	S
134	16	203	4.20	0.00	2011-04-01	2011-04-01	S
135	44	385	29.85	0.00	2011-10-07	2011-10-07	S
136	68	393	34.10	0.00	2012-04-03	2012-04-03	S
137	114	34	37.60	0.00	2011-07-25	2011-07-25	S
138	67	81	3.30	0.00	2011-11-14	2011-11-14	S
139	48	219	30.90	0.00	2011-03-01	2011-03-01	S
141	36	12	38.60	0.00	2011-02-04	2011-02-04	S
144	43	79	5.05	0.00	2012-05-18	2012-05-18	S
145	3	10	9.05	0.00	2011-02-23	2011-02-23	S
146	77	321	14.45	0.00	2011-08-22	2011-08-22	S
148	115	42	31.70	0.00	2011-04-13	2011-04-13	S
150	34	134	12.30	0.00	2012-03-19	2012-03-19	S
151	17	18	13.10	0.00	2011-06-27	2011-06-27	S
155	18	143	11.15	0.00	2011-04-15	2011-04-15	S
156	103	192	0.75	0.00	2011-12-30	2011-12-30	S
158	49	98	66.05	0.00	2011-01-15	2011-01-15	S
159	74	193	11.90	0.00	2011-07-16	2011-07-16	S
160	106	381	35.60	0.00	2011-09-25	2011-09-25	S
163	5	167	20.00	0.00	2011-02-21	2011-02-21	S
164	15	250	29.65	0.00	2011-11-11	2011-11-11	S
165	4	116	38.25	0.00	2011-06-06	2011-06-06	S
166	12	350	2.25	0.00	2011-06-24	2011-06-24	S
167	97	64	36.50	0.00	2011-04-15	2011-04-15	S
168	53	235	16.35	0.00	2012-05-13	2012-05-13	S
169	80	394	13.70	0.00	2011-11-03	2011-11-03	S
171	33	387	9.50	0.00	2011-10-12	2011-10-12	S
175	88	198	29.10	0.00	2011-06-21	2011-06-21	S
176	53	104	20.70	0.00	2012-03-19	2012-03-19	S
178	86	163	17.20	0.00	2011-09-13	2011-09-13	S
179	92	6	7.95	0.00	2012-04-04	2012-04-04	S
180	80	102	27.45	0.00	2012-06-02	2012-06-02	S
182	111	246	16.70	0.00	2011-05-12	2011-05-12	S
185	60	2	42.20	0.00	2011-10-07	2011-10-07	S
186	64	159	3.35	0.00	2012-05-14	2012-05-14	S
187	66	267	18.25	0.00	2011-05-14	2011-05-14	S
189	118	354	39.05	0.00	2011-10-12	2011-10-12	S
190	5	343	19.15	0.00	2011-10-14	2011-10-14	S
191	74	41	24.20	0.00	2012-05-29	2012-05-29	S
192	59	186	28.00	0.00	2011-10-03	2011-10-03	S
193	11	234	28.65	0.00	2011-02-21	2011-02-21	S
194	41	177	32.70	0.00	2011-04-22	2011-04-22	S
196	89	346	25.35	0.00	2011-05-04	2011-05-04	S
197	33	171	15.85	0.00	2011-08-21	2011-08-21	S
198	31	227	27.95	0.00	2012-01-05	2012-01-05	S
199	1	337	31.45	0.00	2012-02-14	2012-02-14	S
201	63	380	40.30	0.00	2012-03-02	2012-03-02	S
202	95	280	39.65	0.00	2011-06-16	2011-06-16	S
203	5	311	35.85	0.00	2011-07-13	2011-07-13	S
204	24	347	34.85	0.00	2011-03-26	2011-03-26	S
205	54	138	21.15	0.00	2011-10-12	2011-10-12	S
206	38	242	11.35	0.00	2012-05-12	2012-05-12	S
208	99	190	27.90	0.00	2012-03-24	2012-03-24	S
209	64	314	16.65	0.00	2011-08-01	2011-08-01	S
210	118	16	23.35	0.00	2011-02-01	2011-02-01	S
211	94	391	26.60	0.00	2011-01-28	2011-01-28	S
212	8	274	7.95	0.00	2011-07-08	2011-07-08	S
213	107	54	9.70	0.00	2012-03-25	2012-03-25	S
214	80	342	5.20	0.00	2011-04-10	2011-04-10	S
215	99	320	17.90	0.00	2011-01-16	2011-01-16	S
216	5	103	9.45	0.00	2012-04-28	2012-04-28	S
218	92	115	31.90	0.00	2011-05-11	2011-05-11	S
220	114	236	18.45	0.00	2012-03-25	2012-03-25	S
221	117	208	18.35	0.00	2011-05-11	2011-05-11	S
222	61	323	58.15	0.00	2012-04-08	2012-04-08	S
223	100	322	9.80	0.00	2011-02-20	2011-02-20	S
224	44	211	40.20	0.00	2011-06-01	2011-06-01	S
225	79	46	17.25	0.00	2011-12-28	2011-12-28	S
227	78	294	25.95	0.00	2011-03-27	2011-03-27	S
228	6	83	28.40	0.00	2011-02-21	2011-02-21	S
229	52	36	26.90	0.00	2011-10-25	2011-10-25	S
230	47	15	19.90	0.00	2012-03-05	2012-03-05	S
231	16	304	9.90	0.00	2011-10-22	2011-10-22	S
232	50	174	30.95	0.00	2011-08-26	2011-08-26	S
234	59	125	30.35	0.00	2012-05-29	2012-05-29	S
235	98	77	23.95	0.00	2011-04-09	2011-04-09	S
236	34	140	23.50	0.00	2011-08-13	2011-08-13	S
237	31	4	35.75	0.00	2011-05-19	2011-05-19	S
240	91	257	10.15	0.00	2012-02-26	2012-02-26	S
241	67	73	19.15	0.00	2012-05-26	2012-05-26	S
243	106	56	39.80	0.00	2011-12-16	2011-12-16	S
244	117	40	26.75	0.00	2012-02-14	2012-02-14	S
245	13	355	56.65	0.00	2011-10-10	2011-10-10	S
246	95	53	11.60	0.00	2011-05-31	2011-05-31	S
248	25	222	44.40	0.00	2011-07-14	2011-07-14	S
250	58	275	18.75	0.00	2011-02-28	2011-02-28	S
251	100	92	26.10	0.00	2012-04-03	2012-04-03	S
252	16	23	20.70	0.00	2011-06-28	2011-06-28	S
253	77	348	27.80	0.00	2011-02-18	2011-02-18	S
256	54	332	5.90	0.00	2011-05-22	2011-05-22	S
257	81	333	43.90	0.00	2012-04-30	2012-04-30	S
258	61	58	23.20	0.00	2011-11-21	2011-11-21	S
259	92	1	17.65	0.00	2011-05-29	2011-05-29	S
260	42	189	18.40	0.00	2011-01-27	2011-01-27	S
261	30	290	8.35	0.00	2012-05-22	2012-05-22	S
265	12	364	4.80	0.00	2012-03-30	2012-03-30	S
266	2	237	10.15	0.00	2011-11-22	2011-11-22	S
267	82	372	16.25	0.00	2012-01-16	2012-01-16	S
268	29	376	30.70	0.00	2011-03-04	2011-03-04	S
272	106	13	19.45	0.00	2012-04-09	2012-04-09	S
273	92	22	17.85	0.00	2012-01-11	2012-01-11	S
274	51	360	4.55	0.00	2011-12-14	2011-12-14	S
275	25	91	20.75	0.00	2011-04-26	2011-04-26	S
276	89	70	29.05	0.00	2012-05-24	2012-05-24	S
278	81	225	5.00	0.00	2011-07-19	2011-07-19	S
280	28	303	9.15	0.00	2011-08-13	2011-08-13	S
284	80	287	10.30	0.00	2011-03-03	2011-03-03	S
286	106	327	27.60	0.00	2012-04-01	2012-04-01	S
287	104	105	17.90	0.00	2011-10-17	2011-10-17	S
288	102	21	24.10	0.00	2011-09-29	2011-09-29	S
289	2	152	14.90	0.00	2011-07-25	2011-07-25	S
290	105	75	4.60	0.00	2011-02-22	2011-02-22	S
293	39	281	10.90	0.00	2012-06-03	2012-06-03	S
295	4	301	45.00	0.00	2011-08-30	2011-08-30	S
296	118	245	22.30	0.00	2011-10-01	2011-10-01	S
297	57	181	26.35	0.00	2012-03-18	2012-03-18	S
298	60	340	13.55	0.00	2011-05-23	2011-05-23	S
300	56	220	13.70	0.00	2011-03-23	2011-03-23	S
304	41	392	11.65	0.00	2011-03-14	2011-03-14	S
305	50	298	36.40	0.00	2011-02-10	2011-02-10	S
308	103	112	38.65	0.00	2011-07-13	2011-07-13	S
309	38	3	17.25	0.00	2011-08-17	2011-08-17	S
310	88	201	11.45	0.00	2011-03-13	2011-03-13	S
311	28	61	3.30	0.00	2011-08-10	2011-08-10	S
312	37	176	25.40	0.00	2012-03-29	2012-03-29	S
317	20	396	22.75	0.00	2011-02-16	2011-02-16	S
318	63	14	63.30	0.00	2011-04-25	2011-04-25	S
321	106	319	10.20	0.00	2011-06-09	2011-06-09	S
322	17	147	17.10	0.00	2011-02-25	2011-02-25	S
323	67	221	15.35	0.00	2011-03-29	2011-03-29	S
324	87	121	16.95	0.00	2011-07-19	2011-07-19	S
325	14	210	13.55	0.00	2012-01-01	2012-01-01	S
327	61	161	32.20	0.00	2012-05-27	2012-05-27	S
328	108	108	37.90	0.00	2011-01-24	2011-01-24	S
329	78	157	31.60	0.00	2011-09-04	2011-09-04	S
331	118	154	6.85	0.00	2012-04-09	2012-04-09	S
332	47	215	14.50	0.00	2011-12-30	2011-12-30	S
333	42	35	6.10	0.00	2012-04-25	2012-04-25	S
334	30	65	36.00	0.00	2011-08-10	2011-08-10	S
336	56	366	21.70	0.00	2012-02-12	2012-02-12	S
338	49	37	23.65	0.00	2012-03-27	2012-03-27	S
340	85	85	23.55	0.00	2012-01-17	2012-01-17	S
341	62	32	14.25	0.00	2012-05-09	2012-05-09	S
342	31	188	19.00	0.00	2011-06-28	2011-06-28	S
343	71	375	16.70	0.00	2011-08-08	2011-08-08	S
345	99	164	25.30	0.00	2011-08-13	2011-08-13	S
346	1	326	37.10	0.00	2011-05-12	2011-05-12	S
351	39	133	3.45	0.00	2012-04-26	2012-04-26	S
352	31	289	28.90	0.00	2012-02-29	2012-02-29	S
353	51	279	32.90	0.00	2011-03-29	2011-03-29	S
355	1	308	28.95	0.00	2012-06-05	2012-06-05	S
356	44	100	17.50	0.00	2012-01-22	2012-01-22	S
357	68	232	19.75	0.00	2012-01-23	2012-01-23	S
358	95	331	10.10	0.00	2011-12-27	2011-12-27	S
359	102	158	29.25	0.00	2012-03-24	2012-03-24	S
360	36	172	26.30	0.00	2012-04-28	2012-04-28	S
361	47	113	31.55	0.00	2011-05-27	2011-05-27	S
363	42	63	31.70	0.00	2012-04-06	2012-04-06	S
364	77	183	32.30	0.00	2012-06-08	2012-06-08	S
365	84	9	43.10	0.00	2011-05-24	2011-05-24	S
367	79	24	7.00	0.00	2012-06-13	2012-06-13	S
368	70	260	21.55	0.00	2011-06-10	2011-06-10	S
369	17	170	25.60	0.00	2012-01-12	2012-01-12	S
370	70	55	27.20	0.00	2011-11-09	2011-11-09	S
371	17	374	21.05	0.00	2011-11-13	2011-11-13	S
373	62	244	48.55	0.00	2011-12-07	2011-12-07	S
374	59	88	51.65	0.00	2011-08-05	2011-08-05	S
375	43	118	7.10	0.00	2012-02-28	2012-02-28	S
377	114	272	14.00	0.00	2012-02-23	2012-02-23	S
380	75	38	23.75	0.00	2012-01-22	2012-01-22	S
381	64	223	5.05	0.00	2012-03-25	2012-03-25	S
383	59	300	36.95	0.00	2011-09-12	2011-09-12	S
384	74	217	8.30	0.00	2011-07-21	2011-07-21	S
386	111	353	11.10	0.00	2012-01-30	2012-01-30	S
387	77	212	18.35	0.00	2011-02-06	2011-02-06	S
388	96	383	14.90	0.00	2012-04-28	2012-04-28	S
389	36	328	10.75	0.00	2012-04-09	2012-04-09	S
390	2	256	11.30	0.00	2011-04-09	2011-04-09	S
391	24	216	18.45	0.00	2011-11-12	2011-11-12	S
392	19	263	15.65	0.00	2012-01-29	2012-01-29	S
394	72	266	27.10	0.00	2011-09-15	2011-09-15	S
395	13	144	24.20	0.00	2012-01-14	2012-01-14	S
396	65	7	15.80	0.00	2011-10-31	2011-10-31	S
313	116	96	18.15	0.00	2012-12-15	\N	N
314	73	87	22.00	0.00	2013-01-13	\N	N
315	70	169	13.90	0.00	2012-12-28	\N	N
316	44	388	12.65	0.00	2012-09-24	\N	N
319	107	344	23.85	0.00	2012-10-01	\N	N
320	5	107	11.40	0.00	2012-08-11	\N	N
326	21	258	25.30	0.00	2012-09-14	\N	N
330	114	19	5.15	0.00	2012-07-28	\N	N
335	103	52	14.50	0.00	2012-06-25	\N	N
337	52	317	13.00	0.00	2012-11-18	\N	N
339	9	173	10.75	0.00	2012-07-22	\N	N
344	1	358	51.15	0.00	2012-07-01	\N	N
347	52	78	14.30	0.00	2012-10-23	\N	N
348	114	306	11.25	0.00	2012-11-05	\N	N
349	24	278	14.30	0.00	2012-10-17	\N	N
350	25	345	39.25	0.00	2012-09-10	\N	N
354	111	150	16.90	0.00	2012-08-05	\N	N
362	106	377	16.50	0.00	2012-09-14	\N	N
366	76	184	16.85	0.00	2012-10-03	\N	N
372	49	68	14.80	0.00	2012-09-20	\N	N
376	77	130	4.25	0.00	2012-12-23	\N	N
\.


--
-- Name: conta_receber_id_conta_receber_seq; Type: SEQUENCE SET; Schema: public; Owner: -
--

SELECT pg_catalog.setval('public.conta_receber_id_conta_receber_seq', 396, true);


--
-- Data for Name: fornecedor; Type: TABLE DATA; Schema: public; Owner: -
--

COPY public.fornecedor (id_fornecedor, den_fornecedor, telefone, endereco, id_cidade) FROM stdin;
1	DISTRIBUIDORA TABAJARA	(11)99999-9999	AV. PAULISTA, 1548, CENTRO	5269
2	DISTRIBUIDORA CAPIVARA	(21)88888-8888	AV. COPACABANA, 541, COPACABANA	3659
3	CORPORACAO CAPSULE	(31)77777-7777	AV. AMAZONAS, 542	1630
4	ACME	(31)66666-6666	AV. CONTORNO, 2459	1630
\.


--
-- Name: fornecedor_id_fornecedor_seq; Type: SEQUENCE SET; Schema: public; Owner: -
--

SELECT pg_catalog.setval('public.fornecedor_id_fornecedor_seq', 4, true);


--
-- Data for Name: produto; Type: TABLE DATA; Schema: public; Owner: -
--

COPY public.produto (id_produto, den_produto, unidade, estoque, preco_atual) FROM stdin;
1	ABACAXI EM CALDA	LAT	5	6.65
2	ABRIDOR DE GARRAFAS	UNI	5	2.00
3	ACAFRAO 15G	PCT	9	0.60
4	ACETONA 500ML	UNI	5	5.35
5	ACHOCOLATADO 200G	UNI	23	3.00
6	ACHOCOLATADO 400G	UNI	37	4.95
7	ACHOCOLATADO 800G	UNI	47	9.65
8	ACUCAR 2KG	PCT	3	3.25
9	ACUCAR 5KG	PCT	0	7.65
10	ACUCAR REFINADO 1KG	PCT	4	2.65
11	ADOCANTE 66G	UNI	0	5.40
12	ARROZ 2KG	PCT	0	3.50
13	ARROZ 5KG	PCT	137	11.35
14	AZEITONA 100G	PCT	0	1.15
15	AZEITONA 200G	PCT	0	2.85
16	AZEITONA 800G	PCT	0	6.00
17	BALA	UNI	153	0.05
18	BATATA	KG 	10825	1.95
19	BISCOITO AGUA E SAL	PCT	15	1.60
20	BISCOITO ADOCICADO	PCT	3	2.25
21	BISCOITO PAPA OVO	PCT	1	2.25
22	CAFE 250G	PCT	8	3.30
23	CAFE 500G	PCT	18	6.75
24	CAFE EXTRA FORTE 250G	PCT	0	3.00
25	CAFE EXTRA-FORTE 500G	PCT	70	6.85
26	CANETA CRISTAL AZUL	UNI	7	0.70
27	CANETA PRETA	UNI	0	0.60
28	CARAMELOS CAFE	PCT	0	2.30
29	CARAMELOS CHOCOLATE	PCT	0	2.30
30	CARAMELOS LEITE	PCT	0	2.30
31	CARAMELOS LEITE COND	PCT	0	2.30
32	CARAMELOS MEIO A MEIO	PCT	0	2.30
33	CARAMELOS MORANGO	PCT	0	2.30
34	CEBOLINHA DESIDRATADA 6G	KG 	7	1.00
35	CEREAL EM BARRA	UNI	0	1.00
36	CEREAL MATINAL	PCT	0	7.85
37	CHUCHU	KG 	0	0.95
38	COPO CRISTAL	PCT	0	8.30
39	COPO DESCARTAVEL 200ML	PCT	79875	2.25
40	COPO DESCARTAVEL 300ML	PCT	84	3.40
41	CREME DE LEITE LATA 300G	LAT	26	2.75
42	CUBO MAGICO	UNI	0	4.95
43	DESODORANTE AEROSOL	UNI	2	10.45
44	DESODORANTE ROLLON	UNI	1	5.75
45	DETERGENTE	UNI	2	1.25
46	DOCE BANANADA	PCT	1	7.15
47	DOCE DE LEITE 400G	LAT	2	5.00
48	ESCOVA DE ROUPAS	UNI	7	6.00
49	ESPELHO	UNI	0	1.65
50	ESPONJA DE BANHO	UNI	2	1.10
51	EXTRATO DE TOMATE 350G	LAT	0	2.15
52	EXTRATO DE TOMATE 190G	LAT	1	1.15
53	FEIJAO 2KG	PCT	2	4.50
54	FIO DENTAL 100M	UNI	12	1.40
55	FITA ADESIVA 3M	UNI	57	2.30
56	GRAFITE 05	PCT	21	1.00
57	IOGURTE 1L MORANGO	UNI	6	2.75
58	IOGURTE 3 SABORES	UNI	7.5	1.35
59	LAMPADA 11W	UNI	1	8.15
60	LAMPADA 15W	UNI	1	8.45
61	LAMPADA 15W	UNI	0	8.50
62	LAMPADA 25W	UNI	2	9.85
63	LEITE CONDENSADO 270G	UNI	13	1.90
64	LEITE EM PO 200G	PCT	0	4.55
65	LEITE UHT	LIT	0	2.15
66	LEITE UHT DESNATADO	LIT	0	1.80
67	MAMADEIRA	UNI	0	10.00
68	MORTANDELA DEFUMADA	KG 	0	10.00
69	OLEO DE GIRASSOL	LIT	39	5.95
70	OLEO DE MILHO	LIT	0	5.00
71	OLEO DE SOJA	LIT	213	3.35
72	PALHA DE ACO 0	PCT	4	0.75
73	PALHA DE ACO 1	PCT	3	0.75
74	PALHA DE ACO 2	PCT	20	1.00
75	PILHA AAA	PCT	0	2.30
76	PRATO DURALEX FUNDO AMBAR	UNI	0	20.00
77	PRESUNTO	KG 	0	16.00
78	RACAO CACHORRO	KG 	52245	1.80
79	RACAO CACHORRO FILHOTE	KG 	29788	3.30
80	RACAO DE GATO	KG 	6.32000017	3.60
81	SACO DE LIXO 15L	PCT	4	1.00
82	SACO DE LIXO 30L	PCT	4	1.50
83	SACO DE LIXO 50L	PCT	20	1.25
84	SANDALIA HAVAI TOP AZUL NAVAL 31/32	UNI	0	8.00
85	SUCO ABACAXI 1L	UNI	8	5.00
86	SUCO CAJU	UNI	0	1.75
87	SUCO CAJU 1L	UNI	8	5.00
88	SUCO GOIABA 1L	UNI	0	5.00
89	SUCO LARANJA	UNI	0	5.00
90	SUCO MANGA 1L	UNI	0	5.00
91	SUCO MARACUJA 1L	UNI	6	5.00
92	SUCO PESSEGO 1L	UNI	12	5.00
93	SUCO UVA 1L	UNI	3	5.00
\.


--
-- Name: produto_id_produto_seq; Type: SEQUENCE SET; Schema: public; Owner: -
--

SELECT pg_catalog.setval('public.produto_id_produto_seq', 93, true);


--
-- Data for Name: venda; Type: TABLE DATA; Schema: public; Owner: -
--

COPY public.venda (id_venda, id_cliente, data, valor_total) FROM stdin;
26	56	2012-06-15	0.00
123	66	2012-04-02	0.00
253	40	2011-05-02	0.00
129	11	2011-02-21	32.10
251	11	2011-12-26	24.10
195	84	2012-12-11	5.40
106	75	2012-06-04	38.60
120	68	2012-11-09	4.10
285	17	2012-03-09	26.00
8	38	2011-02-19	21.15
264	71	2012-10-02	36.90
305	112	2011-12-01	23.90
80	21	2012-11-13	33.25
318	105	2011-05-06	14.05
312	63	2012-02-13	12.25
179	21	2012-09-03	22.35
209	104	2011-12-28	30.50
276	97	2011-06-21	38.95
110	31	2011-11-19	25.70
370	43	2012-08-20	33.65
175	49	2011-07-12	12.25
99	47	2012-09-13	13.70
48	58	2011-02-20	37.20
28	23	2011-02-06	38.25
313	3	2011-04-02	19.10
262	63	2011-11-06	41.80
94	59	2011-02-05	25.20
362	66	2011-02-14	36.50
204	103	2011-11-19	23.80
151	52	2011-06-03	19.00
384	98	2012-05-08	15.75
162	94	2012-08-28	13.60
30	80	2012-10-18	20.65
119	95	2011-08-13	23.05
356	53	2011-02-02	35.05
299	62	2012-07-13	10.35
270	60	2011-02-13	31.00
95	71	2012-02-05	30.45
122	27	2011-12-20	9.05
62	35	2011-03-09	29.70
329	51	2012-06-25	30.00
268	75	2012-02-04	27.90
214	80	2012-06-19	29.15
310	63	2012-04-12	13.10
180	75	2011-12-02	26.40
390	3	2011-07-22	28.90
127	2	2011-02-26	25.60
101	105	2012-03-21	33.95
20	60	2012-11-03	5.95
339	75	2011-06-18	26.80
330	49	2012-06-26	32.00
82	64	2012-07-06	40.55
25	96	2011-04-13	14.85
359	89	2012-11-16	26.55
213	93	2012-06-23	25.35
137	109	2012-12-18	16.80
117	74	2011-12-09	28.40
265	74	2012-03-01	25.95
185	72	2012-10-19	14.20
379	105	2012-07-11	19.95
292	106	2012-09-09	24.60
168	118	2012-12-07	9.45
136	24	2012-06-13	8.40
218	104	2012-12-18	7.90
196	83	2011-12-03	32.15
309	60	2011-12-23	25.20
373	4	2012-02-18	15.75
349	75	2011-04-10	44.00
363	104	2011-10-15	22.00
341	104	2011-10-02	37.45
238	74	2011-11-20	47.15
27	29	2012-11-21	12.35
286	11	2012-07-21	18.05
230	56	2011-11-12	14.50
155	100	2011-01-23	44.35
149	34	2011-03-02	18.70
93	34	2012-07-13	3.50
389	110	2012-09-18	16.75
307	90	2011-04-06	23.10
382	45	2011-10-12	31.75
97	113	2011-08-20	61.65
335	70	2012-12-14	7.35
205	118	2012-02-26	52.65
197	103	2011-02-06	32.30
187	35	2011-02-04	44.20
114	37	2012-02-16	12.95
351	58	2011-06-16	15.20
191	1	2012-01-21	21.60
156	78	2011-07-12	25.90
295	59	2012-10-02	18.45
11	97	2012-09-04	48.90
302	32	2012-06-13	12.45
386	109	2012-02-26	40.80
269	27	2011-11-03	18.40
249	96	2011-04-15	2.20
126	79	2012-09-27	11.40
194	86	2012-04-17	29.95
135	50	2012-09-21	26.50
228	67	2011-12-03	11.35
252	44	2011-08-05	13.85
39	39	2011-11-17	24.70
316	36	2011-06-14	42.35
132	116	2011-09-03	25.65
336	74	2012-03-24	22.55
378	94	2011-06-27	34.65
131	30	2012-06-04	48.50
369	97	2011-06-23	21.95
178	65	2011-11-05	15.55
67	96	2011-08-10	17.00
255	108	2011-12-20	8.90
357	118	2012-04-06	20.25
241	87	2011-08-26	13.70
352	34	2011-12-21	11.00
325	61	2012-05-21	29.15
395	53	2012-03-19	3.70
17	88	2011-03-14	20.15
142	110	2011-07-20	33.80
66	83	2011-09-17	2.95
224	65	2011-01-24	7.05
160	88	2011-02-28	33.60
89	93	2012-03-02	35.50
284	78	2012-11-06	23.05
50	112	2011-06-21	3.05
33	22	2011-08-22	13.40
109	43	2011-01-18	26.95
57	9	2012-11-13	14.05
51	79	2012-04-05	36.40
239	112	2011-07-04	15.95
31	96	2012-01-10	15.60
288	107	2012-01-08	13.85
76	109	2012-12-28	15.65
69	45	2012-09-04	11.10
334	5	2012-04-04	44.20
203	16	2011-03-02	4.20
385	44	2011-09-24	29.85
393	68	2012-03-17	34.10
34	114	2011-07-22	37.60
81	67	2011-11-11	3.30
219	48	2011-02-17	30.90
273	97	2012-10-02	30.35
12	36	2011-01-25	38.60
296	47	2012-06-17	36.10
282	61	2012-12-28	22.80
79	43	2012-05-01	5.05
10	3	2011-02-11	9.05
321	77	2011-07-28	14.45
324	98	2012-05-28	13.90
42	115	2011-04-12	31.70
90	31	2012-11-27	23.30
134	34	2012-03-10	12.30
18	17	2011-06-19	13.10
146	109	2012-08-12	21.00
139	13	2012-12-18	11.85
59	21	2012-08-03	26.45
143	18	2011-03-28	11.15
192	103	2011-12-15	0.75
338	41	2012-08-06	27.00
98	49	2011-01-09	66.05
193	74	2011-06-26	11.90
381	106	2011-09-14	35.60
271	62	2012-09-04	1.15
243	64	2012-11-17	37.60
167	5	2011-02-01	20.00
250	15	2011-11-09	29.65
116	4	2011-05-20	38.25
350	12	2011-06-21	2.25
64	97	2011-03-26	36.50
235	53	2012-04-23	16.35
394	80	2011-10-27	13.70
248	73	2012-11-28	13.60
387	33	2011-09-18	9.50
84	85	2012-09-15	16.35
145	29	2012-12-26	5.40
207	22	2012-08-19	11.80
198	88	2011-06-18	29.10
104	53	2012-02-21	20.70
74	11	2012-11-13	13.25
163	86	2011-08-19	17.20
6	92	2012-03-07	7.95
102	80	2012-05-26	27.45
315	85	2012-10-19	26.10
246	111	2011-05-06	16.70
71	67	2012-12-17	24.00
29	89	2012-12-22	9.50
2	60	2011-09-08	42.20
159	64	2012-05-12	3.35
267	66	2011-05-12	18.25
72	78	2012-10-11	33.85
354	118	2011-10-04	39.05
343	5	2011-09-22	19.15
41	74	2012-05-03	24.20
186	59	2011-09-24	28.00
234	11	2011-02-11	28.65
177	41	2011-04-06	32.70
141	84	2012-06-28	36.65
346	89	2011-04-07	25.35
171	33	2011-08-02	15.85
227	31	2012-01-04	27.95
337	1	2012-01-28	31.45
247	85	2012-07-03	34.30
380	63	2012-02-28	40.30
280	95	2011-06-05	39.65
311	5	2011-07-01	35.85
347	24	2011-03-08	34.85
138	54	2011-09-15	21.15
242	38	2012-04-26	11.35
297	31	2012-11-20	14.70
190	99	2012-03-17	27.90
314	64	2011-07-21	16.65
16	118	2011-01-19	23.35
391	94	2011-01-14	26.60
274	8	2011-06-23	7.95
54	107	2012-03-06	9.70
342	80	2011-03-13	5.20
320	99	2011-01-14	17.90
103	5	2012-04-11	9.45
47	59	2012-08-19	8.30
115	92	2011-05-07	31.90
148	102	2012-08-04	20.25
236	114	2012-03-18	18.45
208	117	2011-04-15	18.35
323	61	2012-03-12	58.15
322	100	2011-02-04	9.80
211	44	2011-05-26	40.20
46	79	2011-12-14	17.25
368	71	2012-08-27	36.90
294	78	2011-03-24	25.95
83	6	2011-02-18	28.40
36	52	2011-09-26	26.90
15	47	2012-02-14	19.90
304	16	2011-09-23	9.90
174	50	2011-08-23	30.95
361	50	2012-12-14	41.20
125	59	2012-05-18	30.35
77	98	2011-03-19	23.95
140	34	2011-07-16	23.50
4	31	2011-04-22	35.75
153	19	2012-09-23	38.65
200	47	2012-10-27	48.60
257	91	2012-02-18	10.15
73	67	2012-05-08	19.15
182	72	2012-10-26	13.70
56	106	2011-11-24	39.80
40	117	2012-02-07	26.75
355	13	2011-09-22	56.65
53	95	2011-05-07	11.60
277	118	2012-10-04	19.85
222	25	2011-06-27	44.40
261	76	2012-08-17	42.35
275	58	2011-02-02	18.75
92	100	2012-03-10	26.10
23	16	2011-06-03	20.70
348	77	2011-01-26	27.80
44	22	2012-12-13	46.75
371	13	2012-06-19	10.60
332	54	2011-05-16	5.90
333	81	2012-04-21	43.90
58	61	2011-11-17	23.20
1	92	2011-05-20	17.65
189	42	2011-01-19	18.40
290	30	2012-04-28	8.35
233	114	2012-08-10	10.45
206	110	2012-12-26	10.20
111	98	2012-10-24	12.40
364	12	2012-03-10	4.80
237	2	2011-11-20	10.15
372	82	2011-12-24	16.25
376	29	2011-02-16	30.70
226	17	2012-10-17	31.20
86	70	2012-08-19	8.75
49	66	2012-07-17	27.50
13	106	2012-03-14	19.45
22	92	2011-12-24	17.85
360	51	2011-11-28	4.55
91	25	2011-04-23	20.75
70	89	2012-05-18	29.05
45	113	2012-09-22	47.95
225	81	2011-06-22	5.00
199	26	2012-06-25	9.55
303	28	2011-08-04	9.15
293	92	2012-05-27	10.70
60	75	2012-12-17	2.90
365	70	2012-08-02	31.00
287	80	2011-02-15	10.30
165	9	2012-08-24	23.50
327	106	2012-03-28	27.60
105	104	2011-09-25	17.90
21	102	2011-09-22	24.10
152	2	2011-07-17	14.90
75	105	2011-02-21	4.60
124	98	2012-12-06	22.60
5	103	2012-09-12	27.45
281	39	2012-05-24	10.90
229	98	2012-06-07	26.60
301	4	2011-08-04	45.00
245	118	2011-09-01	22.30
181	57	2012-02-18	26.35
340	60	2011-05-04	13.55
43	10	2012-11-25	33.30
220	56	2011-03-16	13.70
367	86	2012-09-13	17.95
259	68	2012-12-22	32.55
166	17	2012-08-12	19.00
392	41	2011-03-08	11.65
298	50	2011-01-14	36.40
291	59	2012-12-11	15.65
254	74	2012-06-27	11.60
112	103	2011-07-06	38.65
3	38	2011-08-14	17.25
201	88	2011-03-08	11.45
61	28	2011-07-25	3.30
176	37	2012-03-03	25.40
96	116	2012-11-22	18.15
87	73	2012-12-25	22.00
169	70	2012-12-17	13.90
388	44	2012-09-03	12.65
396	20	2011-01-23	22.75
14	63	2011-04-22	63.30
344	107	2012-09-02	23.85
107	5	2012-08-09	11.40
319	106	2011-06-04	10.20
147	17	2011-02-11	17.10
221	67	2011-03-25	15.35
121	87	2011-07-04	16.95
210	14	2011-12-21	13.55
258	21	2012-09-14	25.30
161	61	2012-05-13	32.20
108	108	2011-01-14	37.90
157	78	2011-08-16	31.60
19	114	2012-07-28	5.15
154	118	2012-03-23	6.85
215	47	2011-12-23	14.50
35	42	2012-04-14	6.10
65	30	2011-07-21	36.00
52	103	2012-06-12	14.50
366	56	2012-02-05	21.70
317	52	2012-10-23	13.00
37	49	2012-03-02	23.65
173	9	2012-07-08	10.75
85	85	2011-12-19	23.55
32	62	2012-05-09	14.25
188	31	2011-06-28	19.00
375	71	2011-07-14	16.70
358	1	2012-06-08	51.15
164	99	2011-07-24	25.30
326	1	2011-05-06	37.10
78	52	2012-10-09	14.30
306	114	2012-10-23	11.25
278	24	2012-10-07	14.30
345	25	2012-08-28	39.25
133	39	2012-04-11	3.45
289	31	2012-02-15	28.90
279	51	2011-03-02	32.90
150	111	2012-07-17	16.90
308	1	2012-05-07	28.95
100	44	2012-01-14	17.50
232	68	2012-01-04	19.75
331	95	2011-12-13	10.10
158	102	2012-03-06	29.25
172	36	2012-04-20	26.30
113	47	2011-05-13	31.55
377	106	2012-09-09	16.50
63	42	2012-03-21	31.70
183	77	2012-05-14	32.30
9	84	2011-04-28	43.10
184	76	2012-09-04	16.85
24	79	2012-06-11	7.00
260	70	2011-05-19	21.55
170	17	2011-12-19	25.60
55	70	2011-10-24	27.20
374	17	2011-10-23	21.05
68	49	2012-08-27	14.80
244	62	2011-11-21	48.55
88	59	2011-07-20	51.65
118	43	2012-02-11	7.10
130	77	2012-12-17	4.25
272	114	2012-02-01	14.00
240	106	2012-10-27	26.55
128	105	2012-11-03	10.40
38	75	2012-01-20	23.75
223	64	2012-03-11	5.05
283	21	2012-08-21	14.60
300	59	2011-08-27	36.95
217	74	2011-07-10	8.30
231	113	2012-12-18	32.30
353	111	2012-01-14	11.10
212	77	2011-01-18	18.35
383	96	2012-04-15	14.90
328	36	2012-03-11	10.75
256	2	2011-04-02	11.30
216	24	2011-10-22	18.45
263	19	2012-01-16	15.65
202	58	2012-09-13	19.10
266	72	2011-09-08	27.10
144	13	2012-01-06	24.20
7	65	2011-10-23	15.80
\.


--
-- Name: venda_id_venda_seq; Type: SEQUENCE SET; Schema: public; Owner: -
--

SELECT pg_catalog.setval('public.venda_id_venda_seq', 396, true);


--
-- Data for Name: venda_produto; Type: TABLE DATA; Schema: public; Owner: -
--

COPY public.venda_produto (id_venda, id_produto, quantidade, valor) FROM stdin;
161	69	2	5.95
369	59	2	8.15
232	73	1	0.75
166	17	3	0.05
129	79	1	3.30
265	78	2	1.80
193	73	2	0.75
188	36	2	7.85
218	81	3	1.00
311	26	2	0.70
313	52	3	1.15
169	91	3	5.00
84	30	2	2.30
158	53	3	4.50
99	50	2	1.10
35	72	3	0.75
344	30	2	2.30
101	76	3	20.00
48	17	2	0.05
382	35	1	1.00
372	34	2	1.00
104	27	2	0.60
331	74	1	1.00
146	67	2	10.00
55	91	2	5.00
183	84	2	8.00
108	29	2	2.30
182	18	2	1.95
183	59	1	8.15
332	79	1	3.30
81	81	3	1.00
196	29	1	2.30
115	90	1	5.00
6	2	2	2.00
393	30	2	2.30
353	66	1	1.80
80	90	2	5.00
157	45	2	1.25
11	11	1	5.40
349	15	1	2.85
297	15	1	2.85
23	9	2	7.65
8	28	1	2.30
15	31	1	2.30
142	69	1	5.95
27	26	3	0.70
15	27	1	0.60
207	53	2	4.50
254	29	2	2.30
316	47	2	5.00
378	51	1	2.15
20	74	1	1.00
138	49	2	1.65
270	52	2	1.15
167	56	2	1.00
280	60	2	8.45
394	53	3	4.50
224	65	2	2.15
345	20	3	2.25
150	72	2	0.75
366	19	2	1.60
283	36	2	7.85
97	58	1	1.35
319	82	3	1.50
163	17	1	0.05
21	78	3	1.80
246	52	3	1.15
125	30	2	2.30
212	57	2	2.75
121	50	2	1.10
201	24	2	3.00
353	88	2	5.00
203	63	2	1.90
156	71	2	3.35
227	49	3	1.65
162	66	3	1.80
383	56	2	1.00
115	46	3	7.15
356	88	2	5.00
172	26	2	0.70
276	91	1	5.00
254	57	1	2.75
126	89	2	5.00
31	50	3	1.10
238	87	2	5.00
124	69	3	5.95
364	56	3	1.00
164	7	1	9.65
145	81	1	1.00
254	19	2	1.60
246	78	1	1.80
91	92	3	5.00
73	2	1	2.00
287	53	2	4.50
262	48	3	6.00
160	3	1	0.60
1	89	1	5.00
32	79	2	3.30
378	4	3	5.35
62	11	2	5.40
396	60	1	8.45
391	80	2	3.60
5	67	2	10.00
232	83	2	1.25
41	13	3	11.35
55	93	2	5.00
39	15	2	2.85
377	23	2	6.75
393	70	2	5.00
46	58	2	1.35
300	12	2	3.50
244	24	2	3.00
132	58	2	1.35
89	16	1	6.00
146	41	1	2.75
146	35	2	1.00
211	66	2	1.80
311	5	2	3.00
213	44	2	5.75
63	79	2	3.30
115	35	2	1.00
219	85	3	5.00
70	40	1	3.40
137	90	2	5.00
312	8	3	3.25
64	28	1	2.30
345	62	2	9.85
366	12	2	3.50
157	50	1	1.10
97	88	1	5.00
247	44	2	5.75
213	70	1	5.00
384	60	1	8.45
369	82	2	1.50
5	31	2	2.30
126	14	2	1.15
390	32	2	2.30
44	7	2	9.65
259	54	2	1.40
239	58	3	1.35
30	78	2	1.80
327	31	1	2.30
187	36	1	7.85
138	57	1	2.75
269	18	1	1.95
330	51	2	2.15
71	7	2	9.65
99	43	2	10.45
328	73	1	0.75
181	46	2	7.15
116	42	3	4.95
249	3	2	0.60
7	15	1	2.85
250	23	2	6.75
325	25	1	6.85
148	28	3	2.30
177	60	1	8.45
362	92	2	5.00
277	40	1	3.40
78	50	2	1.10
258	22	3	3.30
273	2	2	2.00
335	58	2	1.35
36	66	1	1.80
141	12	1	3.50
259	22	2	3.30
120	17	3	0.05
114	28	3	2.30
285	62	2	9.85
101	80	2	3.60
197	48	2	6.00
205	43	1	10.45
58	4	3	5.35
338	60	3	8.45
390	81	2	1.00
89	85	3	5.00
161	32	2	2.30
279	19	2	1.60
148	92	2	5.00
94	44	2	5.75
300	14	1	1.15
89	44	2	5.75
107	46	2	7.15
361	34	2	1.00
309	30	2	2.30
277	59	3	8.15
15	56	1	1.00
97	82	3	1.50
93	41	1	2.75
279	68	2	10.00
337	25	1	6.85
130	28	2	2.30
326	80	2	3.60
74	52	2	1.15
201	10	2	2.65
58	60	1	8.45
298	38	1	8.30
251	54	2	1.40
30	43	2	10.45
318	66	2	1.80
27	18	1	1.95
88	85	2	5.00
308	61	2	8.50
351	29	1	2.30
212	69	1	5.95
374	82	3	1.50
209	5	2	3.00
390	44	2	5.75
274	12	2	3.50
351	45	2	1.25
129	65	3	2.15
94	22	1	3.30
353	56	3	1.00
79	14	3	1.15
373	19	2	1.60
326	38	2	8.30
347	34	3	1.00
139	89	3	5.00
190	58	2	1.35
384	8	2	3.25
265	58	2	1.35
359	49	3	1.65
200	61	3	8.50
259	52	1	1.15
340	33	3	2.30
106	63	3	1.90
250	89	2	5.00
232	70	1	5.00
82	50	2	1.10
117	1	2	6.65
365	35	1	1.00
179	6	1	4.95
44	92	2	5.00
266	75	1	2.30
11	77	1	16.00
280	73	2	0.75
262	52	3	1.15
163	21	2	2.25
375	22	2	3.30
380	67	1	10.00
132	17	3	0.05
157	29	2	2.30
153	32	2	2.30
77	82	1	1.50
7	7	1	9.65
317	12	3	3.50
144	42	2	4.95
232	37	1	0.95
324	88	3	5.00
214	64	3	4.55
285	68	1	10.00
10	65	2	2.15
145	10	1	2.65
98	59	1	8.15
127	78	1	1.80
178	6	1	4.95
355	93	2	5.00
118	55	3	2.30
95	56	3	1.00
368	52	2	1.15
261	44	1	5.75
140	67	1	10.00
184	34	2	1.00
41	37	2	0.95
373	58	1	1.35
3	81	2	1.00
3	85	2	5.00
239	30	2	2.30
81	30	3	2.30
302	13	3	11.35
94	46	2	7.15
380	52	3	1.15
129	62	2	9.85
287	12	2	3.50
140	79	2	3.30
89	82	2	1.50
55	34	2	1.00
184	70	3	5.00
311	40	1	3.40
365	33	3	2.30
163	19	1	1.60
386	67	1	10.00
254	54	2	1.40
306	84	1	8.00
246	31	2	2.30
200	66	3	1.80
347	9	3	7.65
248	45	2	1.25
24	45	1	1.25
165	63	1	1.90
246	59	2	8.15
134	78	2	1.80
325	44	3	5.75
63	64	2	4.55
346	23	1	6.75
384	3	3	0.60
180	89	2	5.00
370	32	2	2.30
243	48	3	6.00
100	57	2	2.75
36	11	3	5.40
33	56	3	1.00
222	67	2	10.00
97	57	3	2.75
194	12	2	3.50
206	14	2	1.15
187	4	1	5.35
323	53	1	4.50
132	14	2	1.15
374	14	3	1.15
24	72	1	0.75
260	68	1	10.00
149	56	2	1.00
391	28	3	2.30
46	14	2	1.15
105	82	3	1.50
122	54	2	1.40
346	68	1	10.00
9	76	2	20.00
68	48	2	6.00
374	44	2	5.75
267	48	1	6.00
110	60	2	8.45
229	31	2	2.30
290	25	2	6.85
243	64	3	4.55
77	59	2	8.15
366	4	1	5.35
295	26	1	0.70
105	78	2	1.80
293	32	2	2.30
102	85	3	5.00
358	13	1	11.35
95	68	3	10.00
202	30	2	2.30
79	2	1	2.00
330	92	2	5.00
348	25	2	6.85
62	38	1	8.30
395	54	2	1.40
136	86	1	1.75
101	20	2	2.25
155	16	1	6.00
49	38	2	8.30
176	21	3	2.25
186	72	1	0.75
182	87	3	5.00
287	28	3	2.30
54	54	1	1.40
285	57	1	2.75
256	84	2	8.00
340	87	2	5.00
12	21	1	2.25
175	39	1	2.25
265	79	2	3.30
176	74	1	1.00
152	88	2	5.00
270	86	1	1.75
104	73	2	0.75
345	74	1	1.00
305	75	2	2.30
278	16	2	6.00
366	73	2	0.75
135	73	1	0.75
77	85	2	5.00
392	46	1	7.15
370	50	2	1.10
339	4	1	5.35
252	25	2	6.85
172	59	2	8.15
97	67	1	10.00
164	42	3	4.95
78	3	3	0.60
390	61	1	8.50
358	66	2	1.80
157	41	2	2.75
370	57	1	2.75
386	16	1	6.00
97	38	2	8.30
348	84	1	8.00
237	26	2	0.70
19	39	3	2.25
34	25	1	6.85
294	4	1	5.35
180	14	3	1.15
355	43	2	10.45
202	70	1	5.00
269	92	1	5.00
34	7	2	9.65
393	74	2	1.00
108	89	3	5.00
275	33	3	2.30
382	17	1	0.05
2	18	3	1.95
62	18	2	1.95
244	9	1	7.65
147	37	2	0.95
141	59	2	8.15
170	78	2	1.80
89	27	2	0.60
72	58	2	1.35
214	52	2	1.15
285	50	2	1.10
362	56	2	1.00
43	38	2	8.30
82	62	1	9.85
240	77	2	16.00
95	46	3	7.15
33	79	2	3.30
150	26	2	0.70
3	65	2	2.15
224	37	1	0.95
41	73	3	0.75
279	13	3	11.35
45	47	3	5.00
311	2	1	2.00
243	15	3	2.85
44	62	1	9.85
378	49	1	1.65
92	76	2	20.00
369	31	2	2.30
130	3	1	0.60
46	25	1	6.85
103	21	3	2.25
303	9	3	7.65
313	7	3	9.65
375	24	2	3.00
242	5	2	3.00
54	8	2	3.25
377	19	2	1.60
112	65	2	2.15
124	18	3	1.95
230	25	1	6.85
318	41	2	2.75
355	29	1	2.30
384	28	3	2.30
90	7	3	9.65
110	44	2	5.75
143	90	2	5.00
222	39	2	2.25
102	10	3	2.65
181	68	1	10.00
286	63	2	1.90
63	69	2	5.95
187	6	2	4.95
308	15	2	2.85
128	81	3	1.00
116	29	1	2.30
284	83	3	1.25
328	39	1	2.25
221	21	2	2.25
94	33	1	2.30
388	6	2	4.95
18	53	3	4.50
82	91	2	5.00
98	33	2	2.30
47	89	3	5.00
125	7	3	9.65
290	82	2	1.50
382	88	1	5.00
127	43	2	10.45
152	65	2	2.15
378	9	2	7.65
369	90	2	5.00
113	57	3	2.75
96	11	1	5.40
32	88	2	5.00
63	6	3	4.95
17	84	2	8.00
391	52	2	1.15
177	73	3	0.75
58	23	1	6.75
96	64	1	4.55
83	16	1	6.00
372	74	2	1.00
349	79	2	3.30
374	31	3	2.30
334	13	3	11.35
161	62	3	9.85
77	16	2	6.00
175	92	2	5.00
50	17	2	0.05
117	31	3	2.30
62	39	3	2.25
378	74	2	1.00
320	38	2	8.30
58	10	2	2.65
112	90	2	5.00
378	81	3	1.00
48	70	3	5.00
42	8	2	3.25
115	53	2	4.50
249	27	3	0.60
21	20	3	2.25
337	90	3	5.00
104	62	2	9.85
148	22	3	3.30
135	70	1	5.00
82	11	1	5.40
380	82	1	1.50
18	78	2	1.80
242	23	2	6.75
356	72	2	0.75
47	56	2	1.00
36	54	1	1.40
299	48	2	6.00
393	23	3	6.75
295	13	1	11.35
340	29	2	2.30
293	40	2	3.40
230	63	2	1.90
328	3	3	0.60
238	63	3	1.90
80	88	3	5.00
309	26	1	0.70
115	42	3	4.95
215	83	3	1.25
270	65	2	2.15
393	80	2	3.60
169	20	1	2.25
43	50	3	1.10
56	84	2	8.00
325	82	1	1.50
305	70	2	5.00
18	70	1	5.00
197	78	2	1.80
154	63	3	1.90
37	47	2	5.00
375	8	2	3.25
65	48	1	6.00
277	64	1	4.55
238	42	2	4.95
191	3	1	0.60
95	20	3	2.25
394	56	3	1.00
330	71	2	3.35
202	20	3	2.25
8	20	3	2.25
42	84	3	8.00
247	53	1	4.50
126	63	3	1.90
303	82	2	1.50
315	21	3	2.25
5	37	1	0.95
243	31	1	2.30
150	30	3	2.30
237	75	2	2.30
323	63	2	1.90
284	60	2	8.45
114	52	1	1.15
381	59	2	8.15
333	39	2	2.25
28	74	1	1.00
185	61	1	8.50
319	70	2	5.00
51	79	1	3.30
370	73	2	0.75
244	20	2	2.25
104	63	1	1.90
326	23	2	6.75
183	40	2	3.40
347	88	2	5.00
265	20	2	2.25
128	27	3	0.60
32	34	2	1.00
370	6	3	4.95
283	12	2	3.50
370	74	2	1.00
244	27	2	0.60
341	46	2	7.15
117	91	3	5.00
94	40	2	3.40
179	68	2	10.00
292	8	2	3.25
41	86	3	1.75
65	52	2	1.15
117	30	2	2.30
38	2	2	2.00
152	31	1	2.30
345	85	3	5.00
338	29	1	2.30
113	16	2	6.00
5	85	3	5.00
41	30	2	2.30
9	5	2	3.00
229	81	3	1.00
355	57	1	2.75
362	7	2	9.65
98	44	2	5.75
62	45	2	1.25
186	33	2	2.30
255	49	2	1.65
221	87	2	5.00
349	73	3	0.75
370	36	3	7.85
318	8	2	3.25
165	89	2	5.00
195	11	1	5.40
383	34	2	1.00
179	1	2	6.65
321	48	1	6.00
133	82	2	1.50
106	49	2	1.65
23	18	1	1.95
176	89	1	5.00
211	69	3	5.95
193	11	2	5.40
237	35	3	1.00
384	52	2	1.15
387	92	1	5.00
196	53	1	4.50
149	57	2	2.75
359	29	2	2.30
40	53	2	4.50
23	65	1	2.15
319	72	2	0.75
365	60	1	8.45
119	86	2	1.75
340	66	2	1.80
334	42	2	4.95
162	61	1	8.50
11	62	2	9.85
136	1	2	6.65
361	59	2	8.15
243	28	2	2.30
153	39	2	2.25
11	7	2	9.65
379	20	2	2.25
264	89	2	5.00
49	62	2	9.85
308	33	3	2.30
176	49	3	1.65
181	8	1	3.25
34	51	1	2.15
155	11	2	5.40
323	69	1	5.95
354	16	1	6.00
44	49	1	1.65
28	17	2	0.05
291	64	3	4.55
35	4	2	5.35
245	76	1	20.00
280	57	2	2.75
103	69	2	5.95
150	74	3	1.00
48	42	3	4.95
117	47	2	5.00
325	54	3	1.40
396	57	3	2.75
274	29	2	2.30
292	13	2	11.35
218	69	2	5.95
63	73	1	0.75
359	27	2	0.60
277	82	2	1.50
62	80	3	3.60
262	61	1	8.50
96	32	3	2.30
339	13	3	11.35
67	1	2	6.65
121	58	2	1.35
17	29	3	2.30
327	58	1	1.35
44	60	3	8.45
391	86	2	1.75
335	54	3	1.40
198	33	2	2.30
334	40	2	3.40
391	30	2	2.30
246	74	1	1.00
370	11	1	5.40
222	92	3	5.00
82	2	1	2.00
52	89	3	5.00
282	55	3	2.30
28	36	2	7.85
198	78	1	1.80
326	50	1	1.10
14	9	1	7.65
329	76	3	20.00
375	78	2	1.80
370	85	2	5.00
378	75	2	2.30
361	76	2	20.00
200	76	2	20.00
354	61	2	8.50
292	93	3	5.00
110	17	2	0.05
147	33	3	2.30
74	49	2	1.65
12	29	2	2.30
374	4	2	5.35
298	31	2	2.30
226	76	2	20.00
152	41	3	2.75
15	73	2	0.75
14	18	2	1.95
87	9	3	7.65
227	77	1	16.00
39	56	2	1.00
164	18	2	1.95
181	69	2	5.95
311	21	1	2.25
240	62	2	9.85
21	1	1	6.65
330	80	1	3.60
9	56	1	1.00
48	8	2	3.25
376	79	3	3.30
217	91	3	5.00
295	28	2	2.30
194	61	3	8.50
284	89	2	5.00
150	1	1	6.65
153	58	2	1.35
97	59	1	8.15
336	63	1	1.90
371	70	2	5.00
312	5	1	3.00
305	86	3	1.75
30	83	2	1.25
291	26	3	0.70
276	70	1	5.00
129	92	2	5.00
379	26	2	0.70
250	37	2	0.95
153	50	2	1.10
173	75	2	2.30
144	1	1	6.65
102	72	1	0.75
214	26	3	0.70
263	26	2	0.70
165	92	2	5.00
160	8	2	3.25
269	52	2	1.15
30	26	1	0.70
244	79	2	3.30
165	33	1	2.30
171	61	2	8.50
83	67	2	10.00
194	80	1	3.60
304	69	3	5.95
301	29	1	2.30
333	54	2	1.40
157	17	2	0.05
267	68	2	10.00
207	85	1	5.00
348	45	2	1.25
211	46	3	7.15
100	80	1	3.60
46	45	2	1.25
341	61	2	8.50
70	45	1	1.25
301	68	3	10.00
372	35	2	1.00
266	66	1	1.80
232	10	2	2.65
27	12	2	3.50
221	53	3	4.50
165	41	1	2.75
357	49	2	1.65
219	9	1	7.65
14	41	2	2.75
302	50	1	1.10
55	44	1	5.75
334	76	2	20.00
379	77	2	16.00
36	33	2	2.30
262	72	3	0.75
42	67	2	10.00
250	85	2	5.00
289	21	3	2.25
66	37	3	0.95
279	70	2	5.00
71	80	2	3.60
393	85	2	5.00
323	60	2	8.45
68	88	2	5.00
373	30	2	2.30
260	24	2	3.00
226	57	1	2.75
316	81	3	1.00
79	63	3	1.90
377	48	2	6.00
323	12	3	3.50
291	81	3	1.00
149	42	2	4.95
129	93	3	5.00
258	59	2	8.15
362	86	2	1.75
210	30	3	2.30
157	34	3	1.00
29	12	3	3.50
235	5	3	3.00
284	64	2	4.55
231	47	2	5.00
15	29	3	2.30
13	87	1	5.00
263	68	3	10.00
233	43	2	10.45
362	80	2	3.60
109	77	2	16.00
158	55	2	2.30
180	51	2	2.15
57	43	1	10.45
257	18	2	1.95
381	61	2	8.50
354	46	2	7.15
247	61	2	8.50
36	44	3	5.75
309	43	1	10.45
147	11	2	5.40
366	79	3	3.30
153	16	1	6.00
229	20	3	2.25
92	78	2	1.80
288	47	2	5.00
152	18	2	1.95
339	51	2	2.15
23	46	2	7.15
206	33	1	2.30
254	45	2	1.25
194	2	2	2.00
264	1	3	6.65
349	13	2	11.35
286	86	2	1.75
88	62	2	9.85
165	28	2	2.30
383	52	2	1.15
183	85	2	5.00
324	21	1	2.25
121	29	3	2.30
129	71	2	3.35
187	85	3	5.00
156	24	2	3.00
23	78	2	1.80
143	14	1	1.15
366	78	1	1.80
333	35	2	1.00
24	91	2	5.00
146	10	2	2.65
54	81	1	1.00
113	11	2	5.40
80	3	3	0.60
184	78	1	1.80
121	33	2	2.30
180	9	2	7.65
116	24	2	3.00
266	36	2	7.85
259	90	2	5.00
300	35	3	1.00
247	8	3	3.25
294	11	2	5.40
309	46	2	7.15
245	31	3	2.30
387	53	1	4.50
31	80	2	3.60
134	48	3	6.00
286	8	2	3.25
276	47	2	5.00
29	91	1	5.00
64	77	2	16.00
112	76	2	20.00
306	8	1	3.25
41	52	3	1.15
265	46	3	7.15
209	68	3	10.00
15	40	1	3.40
50	39	3	2.25
250	7	2	9.65
243	36	2	7.85
177	43	3	10.45
104	15	1	2.85
138	55	3	2.30
358	76	1	20.00
157	60	2	8.45
51	43	1	10.45
220	32	2	2.30
385	53	2	4.50
20	49	1	1.65
174	16	2	6.00
358	83	1	1.25
260	88	2	5.00
185	82	2	1.50
45	86	1	1.75
226	60	1	8.45
364	82	2	1.50
196	15	2	2.85
8	53	2	4.50
77	56	1	1.00
36	24	1	3.00
344	33	1	2.30
323	66	3	1.80
277	39	1	2.25
248	3	2	0.60
106	3	3	0.60
59	16	3	6.00
122	80	2	3.60
346	49	2	1.65
188	22	2	3.30
289	36	2	7.85
32	42	2	4.95
314	53	2	4.50
84	32	1	2.30
96	54	2	1.40
110	87	3	5.00
177	80	1	3.60
122	66	2	1.80
330	5	2	3.00
28	38	2	8.30
183	90	2	5.00
361	57	2	2.75
188	12	2	3.50
323	43	2	10.45
131	13	1	11.35
78	6	2	4.95
359	13	3	11.35
145	72	2	0.75
131	47	1	5.00
374	90	1	5.00
28	47	2	5.00
210	78	2	1.80
7	35	3	1.00
65	16	1	6.00
92	22	2	3.30
148	69	1	5.95
355	53	1	4.50
266	21	2	2.25
71	88	3	5.00
56	13	3	11.35
256	22	3	3.30
191	76	2	20.00
342	19	2	1.60
13	92	2	5.00
105	10	3	2.65
4	39	1	2.25
228	60	1	8.45
316	76	3	20.00
295	33	3	2.30
350	21	1	2.25
48	4	2	5.35
369	87	1	5.00
53	33	1	2.30
49	74	1	1.00
91	36	2	7.85
258	21	2	2.25
116	40	3	3.40
184	29	2	2.30
275	24	2	3.00
294	33	2	2.30
268	9	2	7.65
12	30	2	2.30
325	38	2	8.30
85	49	3	1.65
174	85	2	5.00
344	29	3	2.30
160	26	3	0.70
282	4	2	5.35
385	51	1	2.15
131	88	3	5.00
170	43	2	10.45
298	85	2	5.00
65	46	2	7.15
275	19	2	1.60
241	13	1	11.35
363	67	3	10.00
76	56	2	1.00
92	56	1	1.00
291	19	2	1.60
78	9	3	7.65
43	62	2	9.85
238	25	2	6.85
317	64	2	4.55
371	30	1	2.30
262	37	3	0.95
107	32	1	2.30
343	64	2	4.55
365	69	1	5.95
50	72	3	0.75
89	13	1	11.35
354	86	1	1.75
65	44	3	5.75
338	16	2	6.00
71	54	2	1.40
229	54	1	1.40
365	47	2	5.00
241	58	2	1.35
141	91	1	5.00
53	10	2	2.65
108	91	2	5.00
80	4	2	5.35
267	21	2	2.25
337	93	2	5.00
168	53	2	4.50
4	8	2	3.25
205	24	1	3.00
56	65	3	2.15
46	1	1	6.65
90	23	2	6.75
82	56	2	1.00
101	17	2	0.05
190	62	2	9.85
189	28	2	2.30
21	74	2	1.00
158	67	1	10.00
40	84	2	8.00
45	63	2	1.90
142	76	2	20.00
380	9	3	7.65
320	36	2	7.85
45	76	1	20.00
361	8	1	3.25
152	73	2	0.75
44	46	2	7.15
4	67	3	10.00
273	8	3	3.25
202	53	2	4.50
240	26	2	0.70
97	18	2	1.95
252	35	1	1.00
178	2	2	2.00
213	15	1	2.85
128	32	2	2.30
323	62	2	9.85
211	36	2	7.85
73	14	3	1.15
183	41	2	2.75
261	65	3	2.15
12	9	2	7.65
22	28	3	2.30
84	58	2	1.35
220	80	2	3.60
88	44	2	5.75
242	19	1	1.60
326	88	2	5.00
385	34	3	1.00
164	28	2	2.30
45	79	1	3.30
83	59	1	8.15
204	6	1	4.95
56	88	2	5.00
189	8	1	3.25
270	60	2	8.45
247	67	2	10.00
392	39	2	2.25
118	28	3	2.30
311	61	1	8.50
337	64	2	4.55
314	72	3	0.75
59	7	3	9.65
95	86	2	1.75
349	1	1	6.65
239	65	2	2.15
10	20	2	2.25
131	65	3	2.15
388	56	1	1.00
251	57	3	2.75
37	53	2	4.50
65	42	2	4.95
37	31	3	2.30
40	65	3	2.15
316	68	2	10.00
3	37	2	0.95
279	5	3	3.00
362	9	2	7.65
296	91	2	5.00
127	67	3	10.00
307	23	3	6.75
43	86	1	1.75
318	78	1	1.80
213	59	3	8.15
370	3	3	0.60
391	42	2	4.95
391	19	3	1.60
34	88	3	5.00
27	29	2	2.30
311	93	3	5.00
12	73	2	0.75
376	68	3	10.00
310	71	2	3.35
163	84	1	8.00
174	79	1	3.30
353	74	1	1.00
39	42	1	4.95
16	37	1	0.95
139	25	1	6.85
138	83	1	1.25
51	77	1	16.00
339	50	3	1.10
247	33	3	2.30
211	91	1	5.00
151	13	2	11.35
69	22	2	3.30
246	29	2	2.30
9	36	2	7.85
117	51	1	2.15
72	72	2	0.75
2	73	2	0.75
214	77	2	16.00
355	76	3	20.00
346	55	2	2.30
5	73	3	0.75
98	38	1	8.30
223	87	2	5.00
377	51	2	2.15
197	19	3	1.60
106	20	1	2.25
21	53	1	4.50
348	6	2	4.95
276	38	2	8.30
116	35	2	1.00
30	81	2	1.00
194	70	3	5.00
167	75	2	2.30
386	45	2	1.25
73	18	3	1.95
159	17	1	0.05
386	34	1	1.00
14	50	3	1.10
174	25	2	6.85
322	82	3	1.50
272	35	1	1.00
174	82	2	1.50
99	58	3	1.35
292	88	3	5.00
367	19	1	1.60
43	90	2	5.00
186	93	2	5.00
5	8	2	3.25
110	4	3	5.35
64	65	3	2.15
212	61	2	8.50
164	63	3	1.90
17	19	1	1.60
390	13	3	11.35
76	5	3	3.00
64	14	3	1.15
64	61	2	8.50
96	12	2	3.50
113	59	2	8.15
391	54	3	1.40
254	32	2	2.30
128	73	3	0.75
208	63	3	1.90
264	76	3	20.00
286	64	1	4.55
210	37	2	0.95
260	73	2	0.75
115	16	3	6.00
346	79	3	3.30
86	63	2	1.90
2	5	3	3.00
270	77	2	16.00
196	61	3	8.50
72	44	2	5.75
266	44	2	5.75
28	59	1	8.15
9	50	1	1.10
344	37	3	0.95
217	22	1	3.30
236	67	1	10.00
169	49	3	1.65
34	80	2	3.60
221	80	2	3.60
12	54	1	1.40
265	17	2	0.05
251	29	1	2.30
68	10	1	2.65
223	17	1	0.05
207	28	1	2.30
21	44	2	5.75
363	31	2	2.30
308	64	1	4.55
143	20	2	2.25
215	39	3	2.25
340	65	2	2.15
380	76	2	20.00
56	90	2	5.00
109	91	1	5.00
229	51	2	2.15
21	65	2	2.15
153	27	2	0.60
28	89	2	5.00
114	18	2	1.95
280	42	2	4.95
159	35	1	1.00
88	87	1	5.00
74	62	1	9.85
67	90	2	5.00
282	6	1	4.95
164	64	1	4.55
278	34	2	1.00
262	89	2	5.00
337	30	3	2.30
119	5	2	3.00
268	30	3	2.30
244	43	1	10.45
114	51	2	2.15
101	73	2	0.75
5	35	2	1.00
149	48	2	6.00
132	4	1	5.35
261	59	3	8.15
282	49	1	1.65
16	11	3	5.40
197	11	2	5.40
19	31	3	2.30
329	68	1	10.00
48	29	2	2.30
197	55	2	2.30
5	27	3	0.60
22	64	1	4.55
275	70	3	5.00
87	62	2	9.85
134	82	2	1.50
179	72	1	0.75
310	26	1	0.70
205	7	3	9.65
327	12	1	3.50
166	47	2	5.00
282	83	2	1.25
160	60	2	8.45
62	69	2	5.95
327	47	2	5.00
280	90	3	5.00
190	44	2	5.75
301	45	1	1.25
332	50	2	1.10
382	39	2	2.25
185	39	3	2.25
140	86	2	1.75
2	41	3	2.75
297	1	1	6.65
100	26	3	0.70
87	71	2	3.35
275	55	1	2.30
69	81	3	1.00
280	86	2	1.75
49	47	2	5.00
216	84	1	8.00
186	68	2	10.00
362	25	2	6.85
82	28	2	2.30
386	20	2	2.25
224	78	2	1.80
171	88	2	5.00
141	76	2	20.00
341	48	2	6.00
304	18	3	1.95
197	30	2	2.30
301	76	2	20.00
381	29	2	2.30
102	52	2	1.15
188	5	2	3.00
126	71	1	3.35
105	16	2	6.00
33	71	3	3.35
239	5	2	3.00
314	43	2	10.45
48	39	3	2.25
371	79	2	3.30
97	17	2	0.05
317	42	3	4.95
337	87	2	5.00
244	35	2	1.00
314	37	3	0.95
219	78	1	1.80
238	60	2	8.45
25	29	2	2.30
190	69	2	5.95
203	33	2	2.30
357	85	2	5.00
112	27	1	0.60
268	92	3	5.00
206	89	2	5.00
187	61	1	8.50
84	9	2	7.65
347	62	3	9.85
90	15	2	2.85
91	85	2	5.00
55	43	1	10.45
170	79	2	3.30
166	81	1	1.00
148	63	2	1.90
149	3	3	0.60
12	92	2	5.00
51	1	2	6.65
313	48	2	6.00
378	32	2	2.30
70	20	2	2.25
18	66	3	1.80
284	82	1	1.50
297	53	2	4.50
294	40	2	3.40
299	71	3	3.35
108	28	2	2.30
244	67	2	10.00
121	34	2	1.00
121	23	2	6.75
90	66	3	1.80
42	53	2	4.50
269	75	2	2.30
44	39	1	2.25
345	6	3	4.95
69	78	1	1.80
355	38	3	8.30
104	86	1	1.75
201	29	2	2.30
304	2	3	2.00
187	84	1	8.00
16	78	1	1.80
336	45	3	1.25
108	82	1	1.50
135	2	3	2.00
73	86	1	1.75
234	9	3	7.65
204	82	1	1.50
327	90	3	5.00
335	34	2	1.00
297	26	3	0.70
232	40	1	3.40
28	63	3	1.90
379	56	1	1.00
389	60	2	8.45
358	51	2	2.15
394	59	2	8.15
346	58	3	1.35
335	80	2	3.60
85	57	2	2.75
197	12	1	3.50
366	11	3	5.40
237	14	3	1.15
334	17	3	0.05
157	63	2	1.90
14	33	2	2.30
259	58	2	1.35
205	38	2	8.30
53	1	2	6.65
106	43	1	10.45
155	62	1	9.85
216	43	2	10.45
229	30	3	2.30
174	88	1	5.00
315	60	1	8.45
165	32	3	2.30
325	86	2	1.75
330	32	2	2.30
119	91	2	5.00
385	10	1	2.65
172	15	2	2.85
300	76	1	20.00
356	62	3	9.85
334	34	2	1.00
194	42	1	4.95
331	54	2	1.40
300	34	2	1.00
39	63	2	1.90
30	10	2	2.65
72	76	2	20.00
135	85	3	5.00
61	52	3	1.15
324	72	2	0.75
72	70	2	5.00
252	16	3	6.00
88	36	3	7.85
235	2	2	2.00
106	44	2	5.75
150	71	3	3.35
77	33	3	2.30
42	85	2	5.00
262	84	2	8.00
172	61	1	8.50
75	29	2	2.30
144	75	1	2.30
298	73	2	0.75
307	56	3	1.00
99	17	1	0.05
5	80	2	3.60
145	56	2	1.00
110	50	3	1.10
73	75	2	2.30
333	22	3	3.30
59	45	1	1.25
376	84	2	8.00
291	90	1	5.00
134	24	3	3.00
205	12	1	3.50
148	26	2	0.70
388	75	2	2.30
204	48	3	6.00
129	32	1	2.30
222	77	3	16.00
16	70	1	5.00
375	80	1	3.60
68	52	1	1.15
121	51	2	2.15
231	75	3	2.30
154	6	3	4.95
360	64	2	4.55
101	55	3	2.30
34	63	2	1.90
331	57	2	2.75
275	64	2	4.55
10	66	2	1.80
229	44	2	5.75
52	53	3	4.50
370	18	2	1.95
394	17	2	0.05
271	14	2	1.15
111	59	3	8.15
381	41	3	2.75
102	21	2	2.25
385	55	2	2.30
178	80	1	3.60
9	29	1	2.30
85	6	1	4.95
156	37	1	0.95
214	11	3	5.40
69	70	1	5.00
244	59	1	8.15
171	56	2	1.00
261	38	3	8.30
98	85	3	5.00
45	41	2	2.75
168	50	2	1.10
192	72	2	0.75
349	88	3	5.00
1	10	2	2.65
298	90	2	5.00
155	9	2	7.65
395	17	2	0.05
162	79	2	3.30
127	71	2	3.35
300	61	3	8.50
30	34	2	1.00
9	88	2	5.00
54	86	2	1.75
39	41	2	2.75
76	12	2	3.50
149	40	2	3.40
88	16	1	6.00
391	53	2	4.50
257	20	1	2.25
259	91	2	5.00
10	15	2	2.85
386	77	2	16.00
356	35	2	1.00
135	87	3	5.00
186	22	1	3.30
358	87	2	5.00
31	59	2	8.15
257	69	2	5.95
343	15	1	2.85
334	32	3	2.30
2	77	3	16.00
330	36	3	7.85
85	90	3	5.00
59	64	1	4.55
155	47	2	5.00
131	48	2	6.00
382	84	2	8.00
278	47	1	5.00
343	9	1	7.65
15	22	3	3.30
168	15	3	2.85
156	6	1	4.95
231	93	2	5.00
38	56	3	1.00
393	10	3	2.65
197	65	2	2.15
237	87	2	5.00
373	4	2	5.35
73	93	2	5.00
137	88	1	5.00
105	69	2	5.95
103	83	1	1.25
341	41	1	2.75
386	29	1	2.30
268	14	2	1.15
244	65	2	2.15
262	10	2	2.65
261	67	2	10.00
241	35	3	1.00
138	43	1	10.45
36	87	2	5.00
171	58	2	1.35
296	80	2	3.60
358	8	1	3.25
238	76	3	20.00
280	13	2	11.35
170	37	1	0.95
321	79	3	3.30
108	60	1	8.45
83	79	1	3.30
278	29	1	2.30
131	4	2	5.35
76	59	2	8.15
111	18	2	1.95
37	40	3	3.40
91	27	2	0.60
250	75	1	2.30
190	91	3	5.00
49	71	1	3.35
385	83	2	1.25
114	11	1	5.40
131	31	2	2.30
382	91	2	5.00
63	34	3	1.00
235	62	3	9.85
349	52	1	1.15
272	15	3	2.85
264	18	2	1.95
170	3	2	0.60
129	14	2	1.15
176	45	2	1.25
307	47	3	5.00
298	81	3	1.00
310	23	2	6.75
135	16	2	6.00
199	30	2	2.30
276	10	3	2.65
291	35	2	1.00
352	71	2	3.35
146	12	1	3.50
347	72	3	0.75
294	70	2	5.00
63	65	3	2.15
161	74	2	1.00
229	46	3	7.15
359	7	2	9.65
7	31	1	2.30
64	58	2	1.35
25	40	3	3.40
324	32	2	2.30
205	93	3	5.00
125	72	2	0.75
321	31	3	2.30
349	22	3	3.30
85	60	3	8.45
189	69	1	5.95
39	54	2	1.40
160	29	2	2.30
333	38	2	8.30
72	35	2	1.00
71	8	1	3.25
378	89	2	5.00
115	22	1	3.30
209	9	1	7.65
67	80	1	3.60
363	60	2	8.45
198	76	3	20.00
321	15	1	2.85
85	73	1	0.75
232	44	2	5.75
266	91	2	5.00
343	32	2	2.30
381	46	1	7.15
326	49	2	1.65
184	72	2	0.75
112	47	3	5.00
174	30	2	2.30
87	52	3	1.15
273	58	2	1.35
264	81	1	1.00
265	28	2	2.30
4	64	2	4.55
200	33	2	2.30
13	52	2	1.15
320	86	3	1.75
122	20	1	2.25
251	93	2	5.00
75	55	3	2.30
322	38	2	8.30
272	75	1	2.30
393	81	3	1.00
268	53	3	4.50
14	13	2	11.35
205	2	1	2.00
289	78	2	1.80
288	87	1	5.00
128	44	2	5.75
288	21	1	2.25
209	62	3	9.85
158	73	3	0.75
43	33	2	2.30
308	60	1	8.45
316	91	2	5.00
251	10	2	2.65
224	52	1	1.15
14	59	2	8.15
102	83	1	1.25
367	91	2	5.00
281	69	1	5.95
248	86	1	1.75
109	37	3	0.95
100	43	2	10.45
144	4	2	5.35
364	33	3	2.30
218	37	3	0.95
177	71	1	3.35
166	79	1	3.30
63	44	3	5.75
258	46	1	7.15
230	45	2	1.25
388	54	3	1.40
176	42	1	4.95
336	40	2	3.40
98	29	1	2.30
4	20	2	2.25
341	35	3	1.00
132	44	1	5.75
326	26	2	0.70
119	32	2	2.30
348	4	2	5.35
132	2	2	2.00
182	23	1	6.75
354	78	1	1.80
80	32	2	2.30
165	37	2	0.95
315	84	1	8.00
106	77	2	16.00
215	84	2	8.00
354	60	2	8.45
372	89	2	5.00
381	23	3	6.75
82	92	2	5.00
17	20	1	2.25
153	28	2	2.30
311	58	3	1.35
273	88	2	5.00
204	13	3	11.35
167	62	2	9.85
25	2	2	2.00
8	62	2	9.85
107	18	1	1.95
104	5	2	3.00
191	35	2	1.00
308	55	3	2.30
157	1	2	6.65
137	79	2	3.30
193	44	3	5.75
62	35	2	1.00
70	76	2	20.00
334	14	2	1.15
16	40	2	3.40
39	62	3	9.85
189	10	2	2.65
29	56	1	1.00
33	44	2	5.75
368	13	3	11.35
161	45	2	1.25
309	33	2	2.30
236	60	2	8.45
296	93	2	5.00
70	34	2	1.00
333	1	2	6.65
378	85	1	5.00
219	28	2	2.30
12	43	2	10.45
66	2	2	2.00
259	86	2	1.75
4	29	2	2.30
259	80	1	3.60
258	55	3	2.30
9	15	3	2.85
15	72	3	0.75
378	45	3	1.25
102	62	2	9.85
296	26	2	0.70
266	51	1	2.15
392	21	1	2.25
339	64	3	4.55
176	70	2	5.00
239	51	2	2.15
148	50	2	1.10
339	33	2	2.30
208	13	3	11.35
180	43	2	10.45
289	77	1	16.00
111	33	3	2.30
202	50	3	1.10
80	67	3	10.00
376	53	1	4.50
199	6	3	4.95
14	54	1	1.40
156	13	1	11.35
210	61	2	8.50
395	39	1	2.25
326	85	2	5.00
70	14	1	1.15
281	6	2	4.95
172	90	2	5.00
1	67	2	10.00
27	86	1	1.75
259	68	1	10.00
178	88	1	5.00
345	47	1	5.00
312	48	3	6.00
373	24	1	3.00
2	27	3	0.60
385	77	2	16.00
274	52	2	1.15
243	23	2	6.75
135	41	1	2.75
97	62	3	9.85
74	27	2	0.60
273	41	1	2.75
82	55	3	2.30
186	53	3	4.50
300	66	3	1.80
230	53	3	4.50
57	80	2	3.60
157	14	1	1.15
333	48	2	6.00
202	49	2	1.65
318	32	3	2.30
98	56	2	1.00
333	68	3	10.00
161	61	2	8.50
48	48	1	6.00
274	35	2	1.00
219	20	3	2.25
89	83	1	1.25
299	35	2	1.00
38	10	2	2.65
276	2	2	2.00
170	58	2	1.35
31	41	3	2.75
234	67	3	10.00
383	71	2	3.35
367	13	3	11.35
323	29	1	2.30
116	76	3	20.00
124	13	2	11.35
373	65	1	2.15
151	9	1	7.65
343	78	2	1.80
97	43	3	10.45
155	59	3	8.15
276	48	2	6.00
3	59	3	8.15
328	46	1	7.15
382	43	2	10.45
262	11	2	5.40
301	19	3	1.60
265	35	3	1.00
201	12	2	3.50
383	79	3	3.30
239	70	2	5.00
48	55	1	2.30
298	22	1	3.30
98	7	3	9.65
280	19	3	1.60
327	61	2	8.50
12	4	2	5.35
160	75	3	2.30
211	64	2	4.55
153	40	2	3.40
56	38	1	8.30
289	74	1	1.00
383	81	3	1.00
16	88	1	5.00
98	80	3	3.60
356	68	2	10.00
372	25	2	6.85
296	53	1	4.50
172	50	2	1.10
341	1	1	6.65
108	42	1	4.95
25	46	3	7.15
368	62	3	9.85
348	54	3	1.40
293	70	1	5.00
188	58	1	1.35
296	30	1	2.30
125	5	3	3.00
338	18	1	1.95
342	80	1	3.60
125	85	2	5.00
323	10	2	2.65
325	80	3	3.60
177	4	2	5.35
307	11	1	5.40
330	12	2	3.50
11	83	2	1.25
352	9	1	7.65
319	14	2	1.15
363	45	2	1.25
349	18	3	1.95
294	37	2	0.95
309	32	1	2.30
355	71	3	3.35
11	86	3	1.75
365	38	3	8.30
6	69	2	5.95
65	88	2	5.00
255	42	2	4.95
206	73	2	0.75
285	55	1	2.30
48	44	3	5.75
184	16	3	6.00
91	29	2	2.30
63	22	2	3.30
225	92	2	5.00
124	71	2	3.35
102	41	3	2.75
282	85	2	5.00
197	28	3	2.30
37	60	2	8.45
224	81	3	1.00
291	78	1	1.80
20	55	2	2.30
113	22	2	3.30
109	85	1	5.00
17	48	2	6.00
189	12	3	3.50
153	84	2	8.00
272	30	3	2.30
131	25	1	6.85
80	87	2	5.00
16	66	2	1.80
345	41	2	2.75
311	7	3	9.65
118	26	1	0.70
168	74	2	1.00
131	53	3	4.50
261	5	2	3.00
368	4	3	5.35
341	11	1	5.40
227	71	1	3.35
212	14	3	1.15
386	54	2	1.40
19	27	2	0.60
47	30	1	2.30
273	77	2	16.00
296	68	1	10.00
313	29	1	2.30
361	22	3	3.30
268	33	2	2.30
326	47	1	5.00
159	28	1	2.30
276	89	1	5.00
389	38	2	8.30
120	14	2	1.15
54	30	1	2.30
344	77	3	16.00
73	92	2	5.00
166	7	2	9.65
305	2	2	2.00
229	55	2	2.30
214	58	2	1.35
376	65	1	2.15
41	10	2	2.65
102	78	2	1.80
96	74	2	1.00
125	50	1	1.10
133	18	3	1.95
347	49	1	1.65
187	64	3	4.55
38	23	2	6.75
357	69	2	5.95
208	26	3	0.70
142	89	1	5.00
59	47	2	5.00
272	22	2	3.30
349	37	3	0.95
163	29	3	2.30
40	48	2	6.00
138	27	2	0.60
337	57	1	2.75
235	82	1	1.50
347	24	2	3.00
331	6	3	4.95
137	12	1	3.50
388	5	2	3.00
319	78	1	1.80
38	13	2	11.35
280	49	2	1.65
234	68	1	10.00
336	77	3	16.00
361	41	2	2.75
15	39	1	2.25
186	51	2	2.15
206	34	2	1.00
208	5	3	3.00
142	15	2	2.85
196	35	3	1.00
11	87	2	5.00
298	32	1	2.30
228	32	3	2.30
8	21	3	2.25
175	87	3	5.00
393	93	2	5.00
140	60	3	8.45
163	26	2	0.70
227	18	3	1.95
375	86	2	1.75
347	69	2	5.95
86	25	1	6.85
222	36	2	7.85
310	33	2	2.30
286	22	1	3.30
286	14	1	1.15
146	50	2	1.10
332	82	2	1.50
301	62	2	9.85
198	89	2	5.00
305	25	2	6.85
64	31	1	2.30
205	91	3	5.00
298	60	2	8.45
358	70	2	5.00
176	79	2	3.30
353	28	2	2.30
305	16	1	6.00
174	56	3	1.00
157	92	2	5.00
265	23	1	6.75
2	68	2	10.00
391	72	3	0.75
251	55	2	2.30
153	13	2	11.35
95	38	3	8.30
215	5	3	3.00
282	31	2	2.30
125	42	1	4.95
120	31	2	2.30
220	66	1	1.80
112	80	1	3.60
22	16	1	6.00
315	54	1	1.40
82	6	2	4.95
101	93	3	5.00
231	76	2	20.00
13	38	3	8.30
143	41	1	2.75
28	81	3	1.00
368	90	1	5.00
40	6	1	4.95
40	14	3	1.15
270	82	2	1.50
296	92	3	5.00
294	32	1	2.30
222	22	2	3.30
383	78	2	1.80
161	71	1	3.35
108	92	1	5.00
93	72	1	0.75
118	78	1	1.80
132	68	3	10.00
263	6	2	4.95
357	9	3	7.65
295	66	3	1.80
202	33	2	2.30
199	33	2	2.30
108	40	3	3.40
44	41	1	2.75
27	51	2	2.15
315	70	3	5.00
34	60	1	8.45
60	27	3	0.60
376	57	2	2.75
119	48	1	6.00
260	78	2	1.80
36	39	3	2.25
211	23	3	6.75
333	87	3	5.00
194	78	3	1.80
307	6	1	4.95
22	70	1	5.00
228	27	2	0.60
163	32	1	2.30
330	83	2	1.25
30	66	3	1.80
173	60	3	8.45
147	60	2	8.45
84	41	1	2.75
112	30	3	2.30
97	33	2	2.30
396	59	2	8.15
116	80	1	3.60
251	37	2	0.95
208	54	2	1.40
94	79	2	3.30
351	62	3	9.85
211	52	1	1.15
386	27	2	0.60
119	47	2	5.00
261	47	3	5.00
117	88	3	5.00
64	41	1	2.75
220	48	3	6.00
52	92	2	5.00
391	29	2	2.30
258	65	2	2.15
82	49	1	1.65
196	67	1	10.00
200	77	3	16.00
177	72	2	0.75
351	66	2	1.80
158	87	3	5.00
156	75	1	2.30
279	18	1	1.95
160	77	3	16.00
368	31	3	2.30
260	35	2	1.00
248	67	3	10.00
158	65	2	2.15
43	91	2	5.00
338	38	1	8.30
345	60	1	8.45
83	37	1	0.95
234	35	3	1.00
393	78	2	1.80
284	28	1	2.30
167	25	2	6.85
158	64	2	4.55
323	92	3	5.00
88	64	2	4.55
155	55	2	2.30
315	74	2	1.00
67	86	2	1.75
2	66	2	1.80
120	27	1	0.60
227	47	2	5.00
98	76	2	20.00
372	54	3	1.40
288	19	2	1.60
125	80	1	3.60
42	37	3	0.95
12	14	1	1.15
294	45	1	1.25
14	76	2	20.00
213	80	3	3.60
255	30	1	2.30
185	18	2	1.95
20	81	2	1.00
99	72	1	0.75
45	40	2	3.40
205	44	2	5.75
264	30	2	2.30
60	31	2	2.30
383	32	2	2.30
61	51	2	2.15
138	65	3	2.15
88	9	3	7.65
396	40	1	3.40
170	46	2	7.15
359	81	3	1.00
89	33	2	2.30
219	80	2	3.60
354	11	2	5.40
219	38	2	8.30
41	22	2	3.30
318	65	3	2.15
356	60	1	8.45
130	58	1	1.35
324	80	2	3.60
272	20	2	2.25
15	8	3	3.25
358	58	2	1.35
169	89	3	5.00
262	40	3	3.40
144	6	2	4.95
2	4	2	5.35
251	23	3	6.75
197	42	2	4.95
283	8	2	3.25
316	58	2	1.35
165	35	2	1.00
286	65	2	2.15
269	84	3	8.00
45	62	2	9.85
71	50	3	1.10
90	20	3	2.25
189	72	2	0.75
368	63	3	1.90
4	36	2	7.85
249	74	2	1.00
4	22	3	3.30
280	54	2	1.40
243	88	2	5.00
113	69	2	5.95
327	18	2	1.95
14	1	3	6.65
323	78	2	1.80
194	27	1	0.60
349	23	1	6.75
268	85	3	5.00
362	35	3	1.00
196	24	2	3.00
176	81	1	1.00
150	51	2	2.15
89	86	1	1.75
\.


--
-- Name: cidade_pk; Type: CONSTRAINT; Schema: public; Owner: -
--

ALTER TABLE ONLY public.cidade
    ADD CONSTRAINT cidade_pk PRIMARY KEY (id_cidade);


--
-- Name: cliente_pk; Type: CONSTRAINT; Schema: public; Owner: -
--

ALTER TABLE ONLY public.cliente
    ADD CONSTRAINT cliente_pk PRIMARY KEY (id_cliente);


--
-- Name: compra_pk; Type: CONSTRAINT; Schema: public; Owner: -
--

ALTER TABLE ONLY public.compra
    ADD CONSTRAINT compra_pk PRIMARY KEY (id_compra);


--
-- Name: compra_produto_pk; Type: CONSTRAINT; Schema: public; Owner: -
--

ALTER TABLE ONLY public.compra_produto
    ADD CONSTRAINT compra_produto_pk PRIMARY KEY (id_produto, id_compra);


--
-- Name: conta_pagar_pk; Type: CONSTRAINT; Schema: public; Owner: -
--

ALTER TABLE ONLY public.conta_pagar
    ADD CONSTRAINT conta_pagar_pk PRIMARY KEY (id_conta_pagar);


--
-- Name: conta_receber_pk; Type: CONSTRAINT; Schema: public; Owner: -
--

ALTER TABLE ONLY public.conta_receber
    ADD CONSTRAINT conta_receber_pk PRIMARY KEY (id_conta_receber);


--
-- Name: fornecedor_pk; Type: CONSTRAINT; Schema: public; Owner: -
--

ALTER TABLE ONLY public.fornecedor
    ADD CONSTRAINT fornecedor_pk PRIMARY KEY (id_fornecedor);


--
-- Name: produto_pk; Type: CONSTRAINT; Schema: public; Owner: -
--

ALTER TABLE ONLY public.produto
    ADD CONSTRAINT produto_pk PRIMARY KEY (id_produto);


--
-- Name: venda_pk; Type: CONSTRAINT; Schema: public; Owner: -
--

ALTER TABLE ONLY public.venda
    ADD CONSTRAINT venda_pk PRIMARY KEY (id_venda);


--
-- Name: venda_produto_pk; Type: CONSTRAINT; Schema: public; Owner: -
--

ALTER TABLE ONLY public.venda_produto
    ADD CONSTRAINT venda_produto_pk PRIMARY KEY (id_venda, id_produto);


--
-- Name: cidade_cliente_fk; Type: FK CONSTRAINT; Schema: public; Owner: -
--

ALTER TABLE ONLY public.cliente
    ADD CONSTRAINT cidade_cliente_fk FOREIGN KEY (id_cidade) REFERENCES public.cidade(id_cidade);


--
-- Name: cidade_fornecedor_fk; Type: FK CONSTRAINT; Schema: public; Owner: -
--

ALTER TABLE ONLY public.fornecedor
    ADD CONSTRAINT cidade_fornecedor_fk FOREIGN KEY (id_cidade) REFERENCES public.cidade(id_cidade);


--
-- Name: cliente_contas_receber_fk; Type: FK CONSTRAINT; Schema: public; Owner: -
--

ALTER TABLE ONLY public.conta_receber
    ADD CONSTRAINT cliente_contas_receber_fk FOREIGN KEY (id_cliente) REFERENCES public.cliente(id_cliente);


--
-- Name: cliente_fk; Type: FK CONSTRAINT; Schema: public; Owner: -
--

ALTER TABLE ONLY public.venda
    ADD CONSTRAINT cliente_fk FOREIGN KEY (id_cliente) REFERENCES public.cliente(id_cliente);


--
-- Name: compra_compra_itens_fk; Type: FK CONSTRAINT; Schema: public; Owner: -
--

ALTER TABLE ONLY public.compra_produto
    ADD CONSTRAINT compra_compra_itens_fk FOREIGN KEY (id_compra) REFERENCES public.compra(id_compra);


--
-- Name: compra_conta_pagar_fk; Type: FK CONSTRAINT; Schema: public; Owner: -
--

ALTER TABLE ONLY public.conta_pagar
    ADD CONSTRAINT compra_conta_pagar_fk FOREIGN KEY (id_compra) REFERENCES public.compra(id_compra);


--
-- Name: fornecedor_conta_pagar_fk; Type: FK CONSTRAINT; Schema: public; Owner: -
--

ALTER TABLE ONLY public.conta_pagar
    ADD CONSTRAINT fornecedor_conta_pagar_fk FOREIGN KEY (id_fornecedor) REFERENCES public.fornecedor(id_fornecedor);


--
-- Name: fornecedor_fk; Type: FK CONSTRAINT; Schema: public; Owner: -
--

ALTER TABLE ONLY public.compra
    ADD CONSTRAINT fornecedor_fk FOREIGN KEY (id_fornecedor) REFERENCES public.fornecedor(id_fornecedor);


--
-- Name: pedido_fk; Type: FK CONSTRAINT; Schema: public; Owner: -
--

ALTER TABLE ONLY public.venda_produto
    ADD CONSTRAINT pedido_fk FOREIGN KEY (id_venda) REFERENCES public.venda(id_venda);


--
-- Name: produto_compra_itens_fk; Type: FK CONSTRAINT; Schema: public; Owner: -
--

ALTER TABLE ONLY public.compra_produto
    ADD CONSTRAINT produto_compra_itens_fk FOREIGN KEY (id_produto) REFERENCES public.produto(id_produto);


--
-- Name: produto_venda_produto_fk; Type: FK CONSTRAINT; Schema: public; Owner: -
--

ALTER TABLE ONLY public.venda_produto
    ADD CONSTRAINT produto_venda_produto_fk FOREIGN KEY (id_produto) REFERENCES public.produto(id_produto);


--
-- Name: venda_contas_receber_fk; Type: FK CONSTRAINT; Schema: public; Owner: -
--

ALTER TABLE ONLY public.conta_receber
    ADD CONSTRAINT venda_contas_receber_fk FOREIGN KEY (id_venda) REFERENCES public.venda(id_venda);


--
-- PostgreSQL database dump complete
--

